girl1_cobra059_flipped.jpg,198.0,72.0,0.740214,207.0,61.0,0.6449595,186.0,59.0,0.6517912,213.0,65.0,0.395778,161.0,62.0,0.7194469,212.0,117.0,0.8467163,129.0,117.0,0.5353614,207.0,169.0,0.4819934,99.0,168.0,0.6375689,250.0,141.0,0.5465766,30.0,163.0,0.6721622,167.0,225.0,0.47782698,125.0,215.0,0.4107396,146.0,189.0,0.25221547,100.0,191.0,0.20955811,107.0,200.0,0.19749689,94.0,194.0,0.30633736
girl1_cobra073.jpg,59.0,72.0,0.67580295,73.0,59.0,0.84798884,54.0,61.0,0.7194025,105.0,62.0,0.8420012,56.0,64.0,0.18765585,145.0,114.0,0.51267743,69.0,116.0,0.5811324,187.0,164.0,0.70176196,84.0,155.0,0.39638546,255.0,162.0,0.67060256,53.0,136.0,0.48390314,165.0,208.0,0.59353197,137.0,203.0,0.25748685,208.0,188.0,0.29770035,193.0,180.0,0.13180411,229.0,181.0,0.17376833,214.0,185.0,0.20710719
girl1_cobra078.jpg,47.0,73.0,0.67369294,60.0,60.0,0.5474416,41.0,63.0,0.6639204,93.0,62.0,0.6306448,43.0,66.0,0.13916706,139.0,116.0,0.73817813,56.0,120.0,0.51228005,180.0,163.0,0.81210566,81.0,157.0,0.29227334,246.0,163.0,0.45970666,54.0,134.0,0.2734577,168.0,206.0,0.4016892,144.0,200.0,0.326453,208.0,187.0,0.34557998,207.0,183.0,0.16735794,228.0,183.0,0.16754074,246.0,165.0,0.25802633
girl1_cobra087_flipped.jpg,270.0,77.0,0.69110805,275.0,67.0,0.6720967,260.0,65.0,0.5552007,269.0,67.0,0.13144456,225.0,64.0,0.577523,243.0,121.0,0.5306169,176.0,115.0,0.61018,204.0,177.0,0.12201335,127.0,164.0,0.84607923,130.0,162.0,0.20148875,66.0,165.0,0.613291,175.0,200.0,0.50736696,140.0,194.0,0.42417747,109.0,189.0,0.37128016,86.0,186.0,0.54804647,62.0,176.0,0.46807715,63.0,170.0,0.51210773
girl1_cobra110_flipped.jpg,282.0,90.0,0.72383386,285.0,79.0,0.63418114,272.0,79.0,0.59176064,277.0,80.0,0.105952844,239.0,81.0,0.6916795,251.0,128.0,0.5168698,190.0,129.0,0.6264708,226.0,176.0,0.12344286,135.0,174.0,0.7687293,227.0,204.0,0.18778755,80.0,179.0,0.46667477,171.0,211.0,0.38300842,144.0,198.0,0.31406343,94.0,209.0,0.3388569,81.0,198.0,0.21807706,70.0,195.0,0.35581237,71.0,192.0,0.20719221
girl1_cobra119_flipped.jpg,275.0,88.0,0.74175817,275.0,77.0,0.68344593,263.0,78.0,0.76526713,261.0,81.0,0.12596513,229.0,86.0,0.7321834,255.0,135.0,0.8026471,183.0,132.0,0.840744,232.0,171.0,0.55861324,127.0,181.0,0.84411424,202.0,184.0,0.10658033,76.0,189.0,0.6558272,174.0,216.0,0.38835472,140.0,203.0,0.40889162,112.0,220.0,0.5967642,92.0,219.0,0.40829486,71.0,201.0,0.2788355,71.0,200.0,0.30746913
girl1_cobra122_flipped.jpg,271.0,87.0,0.7981112,271.0,76.0,0.6832539,259.0,78.0,0.8420862,257.0,81.0,0.20431913,226.0,85.0,0.8543134,255.0,133.0,0.6759037,179.0,131.0,0.792276,230.0,169.0,0.7415002,124.0,180.0,0.9205461,234.0,172.0,0.14828402,74.0,189.0,0.6551101,169.0,216.0,0.44881803,135.0,204.0,0.49781352,108.0,221.0,0.79275167,85.0,219.0,0.5189857,68.0,201.0,0.40279886,69.0,200.0,0.3382147
girl1_cobra129_flipped.jpg,275.0,121.0,0.6634904,277.0,112.0,0.5222579,265.0,110.0,0.7889718,265.0,110.0,0.25283504,232.0,109.0,0.86046314,238.0,146.0,0.38787648,182.0,141.0,0.48637378,209.0,174.0,0.28952616,120.0,168.0,0.8090052,178.0,186.0,0.13127121,82.0,174.0,0.27133498,156.0,193.0,0.56419647,127.0,189.0,0.6341915,93.0,194.0,0.4443923,63.0,200.0,0.8591069,60.0,185.0,0.31206787,25.0,188.0,0.72858
girl1_cobra137.jpg,20.0,182.0,0.68067193,24.0,171.0,0.8184766,17.0,172.0,0.63124526,53.0,158.0,0.49022204,33.0,163.0,0.19355161,100.0,169.0,0.27007276,59.0,160.0,0.38064915,165.0,150.0,0.4517451,100.0,141.0,0.25586554,191.0,165.0,0.22974728,54.0,133.0,0.15745376,161.0,187.0,0.7277452,139.0,184.0,0.6099185,221.0,184.0,0.47160295,195.0,183.0,0.18084243,277.0,176.0,0.70835054,246.0,173.0,0.13636191
girl1_cobra137_flipped.jpg,279.0,183.0,0.64700687,282.0,173.0,0.5701581,274.0,171.0,0.870481,266.0,164.0,0.5902277,245.0,159.0,0.7305877,239.0,158.0,0.60077894,202.0,168.0,0.50315374,226.0,143.0,0.21943885,132.0,149.0,0.6497398,252.0,123.0,0.4054143,106.0,169.0,0.1342441,153.0,181.0,0.48899493,126.0,186.0,0.6912873,119.0,174.0,0.30012354,74.0,188.0,0.7760509,96.0,165.0,0.19311996,26.0,175.0,0.7909218
girl1_cobra140_flipped.jpg,275.0,181.0,0.7494282,278.0,172.0,0.63370466,271.0,170.0,0.6055414,261.0,162.0,0.4274829,244.0,158.0,0.7425159,235.0,154.0,0.5088166,200.0,164.0,0.5076651,215.0,138.0,0.179726,133.0,144.0,0.4507366,247.0,124.0,0.3141537,107.0,164.0,0.16105157,151.0,172.0,0.47634193,128.0,176.0,0.5826857,112.0,170.0,0.24615555,73.0,180.0,0.5617552,67.0,160.0,0.34633055,31.0,168.0,0.5271824
girl2_cobra030.jpg,41.0,174.0,0.33644184,42.0,171.0,0.4159491,42.0,170.0,0.27537447,50.0,172.0,0.43056396,57.0,169.0,0.17093652,62.0,189.0,0.4093974,83.0,181.0,0.5416013,84.0,198.0,0.44415998,110.0,192.0,0.24380411,49.0,197.0,0.47013584,123.0,192.0,0.62064385,112.0,217.0,0.43999058,119.0,209.0,0.46869236,172.0,224.0,0.3382961,173.0,222.0,0.47448152,207.0,220.0,0.13317381,208.0,219.0,0.20668106
girl2_cobra030_flipped.jpg,261.0,176.0,0.5141217,259.0,171.0,0.56150395,260.0,172.0,0.4821204,249.0,170.0,0.6797693,252.0,172.0,0.56124973,224.0,181.0,0.57849944,239.0,189.0,0.60695815,199.0,190.0,0.51443756,213.0,200.0,0.7557383,177.0,190.0,0.50841904,250.0,198.0,0.6239774,183.0,207.0,0.7200064,188.0,217.0,0.8029617,126.0,219.0,0.73040354,128.0,228.0,0.7511844,87.0,220.0,0.45334113,85.0,225.0,0.15743805
girl2_cobra033.jpg,47.0,170.0,0.31653702,46.0,168.0,0.33827218,49.0,166.0,0.22379856,52.0,171.0,0.47286236,64.0,166.0,0.42057145,65.0,188.0,0.6824806,89.0,180.0,0.7663439,85.0,203.0,0.5904988,119.0,195.0,0.8157136,49.0,199.0,0.6677747,134.0,183.0,0.6747314,113.0,220.0,0.75802237,120.0,214.0,0.59591204,165.0,227.0,0.38243315,168.0,224.0,0.5043528,213.0,225.0,0.37486643,212.0,223.0,0.4597459
girl2_cobra035.jpg,49.0,168.0,0.23809692,48.0,165.0,0.3181995,51.0,164.0,0.23362656,53.0,167.0,0.5209655,66.0,165.0,0.41840607,67.0,184.0,0.61548185,89.0,179.0,0.5811364,85.0,202.0,0.7519568,120.0,195.0,0.75607806,48.0,199.0,0.60084987,137.0,182.0,0.50075424,113.0,221.0,0.68286586,121.0,214.0,0.5694162,168.0,227.0,0.33211723,169.0,223.0,0.37980756,213.0,228.0,0.2027245,212.0,224.0,0.38369587
girl2_cobra040.jpg,55.0,162.0,0.3008084,54.0,159.0,0.32737592,56.0,159.0,0.24905258,60.0,160.0,0.5085795,75.0,159.0,0.32482004,69.0,178.0,0.6862148,95.0,179.0,0.514089,81.0,203.0,0.8118626,124.0,198.0,0.5656102,49.0,202.0,0.7623701,145.0,184.0,0.6539055,111.0,222.0,0.30860782,123.0,218.0,0.26392502,158.0,229.0,0.21561524,156.0,228.0,0.2917835,197.0,225.0,0.18311928,196.0,225.0,0.13409342
girl2_cobra040_flipped.jpg,243.0,164.0,0.5181705,241.0,159.0,0.4803976,243.0,160.0,0.5038333,230.0,158.0,0.5488604,239.0,161.0,0.6300632,205.0,175.0,0.89620465,231.0,176.0,0.75237495,176.0,196.0,0.748274,217.0,203.0,0.89906466,155.0,184.0,0.7589129,251.0,203.0,0.78021383,182.0,211.0,0.84116787,193.0,218.0,0.842632,138.0,226.0,0.56787395,143.0,231.0,0.63409793,103.0,227.0,0.24485487,102.0,226.0,0.1509305
girl2_cobra041.jpg,56.0,162.0,0.27845716,56.0,159.0,0.42302603,58.0,159.0,0.24392875,62.0,160.0,0.4240029,77.0,159.0,0.32086137,70.0,178.0,0.6445717,96.0,179.0,0.53671116,81.0,203.0,0.79373026,125.0,199.0,0.68466437,49.0,204.0,0.75420654,146.0,185.0,0.54139084,111.0,220.0,0.3301621,122.0,217.0,0.3857897,157.0,230.0,0.19550537,158.0,228.0,0.32469246,204.0,227.0,0.2188834,203.0,231.0,0.22895285
girl2_cobra041_flipped.jpg,243.0,163.0,0.2692075,240.0,159.0,0.18367599,243.0,160.0,0.34768337,221.0,159.0,0.49127558,239.0,162.0,0.41313532,206.0,176.0,0.76016927,229.0,178.0,0.66858006,176.0,197.0,0.53105366,219.0,203.0,0.52189624,153.0,185.0,0.65339214,250.0,204.0,0.6287944,180.0,211.0,0.52398103,192.0,219.0,0.62066376,143.0,226.0,0.39038947,145.0,230.0,0.3054662,105.0,230.0,0.1513149,103.0,230.0,0.12420169
girl2_cobra042.jpg,57.0,163.0,0.28468448,57.0,160.0,0.33373165,58.0,159.0,0.21790884,63.0,161.0,0.4323643,79.0,159.0,0.27825212,72.0,177.0,0.71855605,98.0,179.0,0.53822637,80.0,203.0,0.85951227,126.0,199.0,0.5603136,48.0,204.0,0.7021612,148.0,186.0,0.56243277,113.0,220.0,0.28629166,125.0,216.0,0.22102517,156.0,230.0,0.24237205,157.0,228.0,0.32381704,203.0,229.0,0.18631475,203.0,235.0,0.2943012
girl2_cobra042_flipped.jpg,241.0,163.0,0.25263563,238.0,159.0,0.19192393,241.0,160.0,0.38005278,220.0,159.0,0.56707394,237.0,162.0,0.45703048,204.0,176.0,0.57080364,228.0,178.0,0.58266807,175.0,198.0,0.6477139,219.0,204.0,0.65292895,152.0,185.0,0.6702592,250.0,204.0,0.7653384,179.0,210.0,0.4730399,191.0,217.0,0.61825866,143.0,225.0,0.29609537,149.0,231.0,0.33812878,103.0,229.0,0.193004,101.0,229.0,0.16706812
girl2_cobra044.jpg,61.0,161.0,0.25682256,60.0,159.0,0.34053415,63.0,158.0,0.16836934,65.0,160.0,0.582767,85.0,158.0,0.28897145,73.0,178.0,0.6929183,101.0,178.0,0.5737575,81.0,204.0,0.7563313,126.0,200.0,0.5029215,48.0,205.0,0.7409766,151.0,187.0,0.55708337,112.0,221.0,0.27380332,126.0,217.0,0.225426,162.0,229.0,0.16939896,161.0,229.0,0.33938852,204.0,228.0,0.13241333,206.0,238.0,0.23708417
girl2_cobra044_flipped.jpg,238.0,164.0,0.32614192,236.0,160.0,0.26520863,238.0,161.0,0.4268651,217.0,158.0,0.49041763,234.0,162.0,0.5085186,202.0,176.0,0.7089227,227.0,178.0,0.567195,176.0,198.0,0.5444206,219.0,204.0,0.57395273,149.0,186.0,0.6780535,252.0,205.0,0.6633302,180.0,210.0,0.520396,193.0,216.0,0.60203385,145.0,227.0,0.3369888,150.0,230.0,0.24725309,107.0,233.0,0.12973727,110.0,228.0,0.13015695
girl2_cobra045.jpg,63.0,161.0,0.29501444,63.0,158.0,0.43043488,66.0,158.0,0.15366574,68.0,159.0,0.47524577,87.0,158.0,0.36967546,75.0,178.0,0.6191347,101.0,178.0,0.63182783,82.0,204.0,0.7801614,128.0,200.0,0.4682441,48.0,205.0,0.81833035,153.0,187.0,0.58889186,112.0,221.0,0.18637215,125.0,217.0,0.13955593,163.0,227.0,0.17237018,156.0,228.0,0.36470163,198.0,227.0,0.10567685,200.0,236.0,0.24769495
girl2_cobra045_flipped.jpg,234.0,161.0,0.28509447,230.0,156.0,0.33118692,235.0,158.0,0.43343747,216.0,156.0,0.48392105,235.0,160.0,0.41909546,199.0,175.0,0.82515174,227.0,178.0,0.75023186,174.0,199.0,0.70028037,218.0,204.0,0.73508364,148.0,187.0,0.7814766,251.0,205.0,0.68629706,179.0,210.0,0.69202644,192.0,215.0,0.7400584,144.0,227.0,0.46216285,150.0,231.0,0.37411675,108.0,231.0,0.19491416,109.0,228.0,0.21096225
girl2_cobra046_flipped.jpg,234.0,163.0,0.20136584,231.0,158.0,0.10848695,235.0,160.0,0.36450493,213.0,157.0,0.54335666,233.0,162.0,0.36911556,199.0,175.0,0.81551355,224.0,178.0,0.5244905,173.0,199.0,0.4980868,217.0,205.0,0.449059,146.0,187.0,0.5164187,251.0,205.0,0.5333091,177.0,210.0,0.4050287,189.0,214.0,0.53566974,145.0,228.0,0.25818637,149.0,230.0,0.2467848,107.0,236.0,0.15296322,109.0,230.0,0.13675259
girl2_cobra050_flipped.jpg,228.0,161.0,0.32817495,225.0,157.0,0.2793169,230.0,159.0,0.3547574,211.0,157.0,0.5063012,228.0,161.0,0.47719494,196.0,176.0,0.6821865,221.0,178.0,0.5143712,172.0,199.0,0.6802218,217.0,206.0,0.42654675,144.0,188.0,0.38232026,250.0,206.0,0.6341827,181.0,212.0,0.54335034,186.0,213.0,0.37641743,155.0,230.0,0.43887165,154.0,225.0,0.21628243,107.0,240.0,0.42418802,107.0,234.0,0.3114779
girl2_cobra051.jpg,75.0,158.0,0.15394233,70.0,155.0,0.38252288,81.0,154.0,0.17480664,73.0,160.0,0.41101995,92.0,158.0,0.54725754,76.0,180.0,0.5356897,107.0,176.0,0.54218185,81.0,205.0,0.5910646,132.0,199.0,0.4641142,51.0,205.0,0.59639496,159.0,188.0,0.45935997,108.0,218.0,0.5013392,123.0,214.0,0.42129478,160.0,230.0,0.19759691,171.0,227.0,0.20394471,209.0,248.0,0.26637515,212.0,242.0,0.29769918
girl2_cobra051_flipped.jpg,229.0,161.0,0.3305194,227.0,157.0,0.20768848,229.0,159.0,0.41423553,208.0,157.0,0.50185466,225.0,159.0,0.4602509,193.0,177.0,0.5426861,220.0,179.0,0.6852909,169.0,200.0,0.65881515,215.0,206.0,0.51714975,142.0,187.0,0.4346725,250.0,206.0,0.62580955,175.0,212.0,0.43809336,188.0,215.0,0.5081154,153.0,228.0,0.25716612,156.0,227.0,0.18854594,108.0,240.0,0.4210805,112.0,232.0,0.12373092
girl2_cobra052.jpg,76.0,159.0,0.16561048,73.0,155.0,0.3114136,82.0,155.0,0.20475088,75.0,160.0,0.5018929,93.0,158.0,0.40027726,77.0,180.0,0.5372617,108.0,176.0,0.46558478,81.0,205.0,0.5795567,132.0,198.0,0.4679577,49.0,205.0,0.49934578,160.0,188.0,0.4699931,108.0,220.0,0.4585485,124.0,215.0,0.46229833,155.0,230.0,0.24007012,171.0,227.0,0.20578231,206.0,248.0,0.26632607,211.0,242.0,0.25459346
girl2_cobra055.jpg,77.0,159.0,0.31620315,77.0,154.0,0.40774587,82.0,155.0,0.26030666,82.0,159.0,0.41785586,96.0,157.0,0.5173649,81.0,180.0,0.5495641,111.0,177.0,0.57599103,82.0,205.0,0.46852967,132.0,198.0,0.5315281,51.0,206.0,0.57666326,161.0,190.0,0.50402564,109.0,220.0,0.43677366,127.0,214.0,0.34816122,167.0,231.0,0.19194798,185.0,226.0,0.4975998,211.0,253.0,0.19585253,213.0,250.0,0.23167966
girl2_cobra056.jpg,78.0,164.0,0.2153806,78.0,160.0,0.28944492,82.0,160.0,0.11794602,82.0,161.0,0.4460117,100.0,159.0,0.36236686,84.0,182.0,0.6636392,113.0,181.0,0.5934826,86.0,206.0,0.57804674,135.0,202.0,0.5277333,53.0,206.0,0.7129486,162.0,190.0,0.4370226,111.0,221.0,0.25616768,125.0,221.0,0.18280117,186.0,226.0,0.29153433,147.0,228.0,0.17667261,189.0,242.0,0.3358812,187.0,241.0,0.2110125
girl2_cobra056_flipped.jpg,222.0,162.0,0.43213615,220.0,158.0,0.33228204,222.0,159.0,0.43332902,204.0,158.0,0.4670894,218.0,159.0,0.5801358,185.0,178.0,0.84870064,217.0,180.0,0.65285367,164.0,202.0,0.6407221,212.0,207.0,0.6132629,138.0,189.0,0.7141761,247.0,206.0,0.5601179,170.0,213.0,0.49565795,186.0,218.0,0.4357853,148.0,228.0,0.21893977,155.0,232.0,0.30398554,111.0,240.0,0.13181904,109.0,237.0,0.17371847
girl2_cobra060.jpg,83.0,162.0,0.23473687,82.0,160.0,0.26166686,86.0,159.0,0.12908874,85.0,161.0,0.55292827,104.0,161.0,0.49986997,86.0,183.0,0.6096429,117.0,181.0,0.5838251,89.0,207.0,0.60123384,136.0,202.0,0.49102682,55.0,207.0,0.63921297,164.0,189.0,0.36722168,109.0,220.0,0.30130523,115.0,217.0,0.25977546,180.0,228.0,0.4932554,145.0,231.0,0.3150857,183.0,244.0,0.23499498,180.0,244.0,0.22268961
girl2_cobra060_flipped.jpg,214.0,161.0,0.25848347,209.0,156.0,0.28497893,215.0,157.0,0.38960153,199.0,158.0,0.33105943,217.0,160.0,0.505978,181.0,178.0,0.813763,215.0,181.0,0.8648792,162.0,202.0,0.7720983,211.0,206.0,0.7262607,135.0,189.0,0.5293399,244.0,207.0,0.5648211,173.0,212.0,0.7221216,189.0,216.0,0.52502066,152.0,224.0,0.18296629,163.0,233.0,0.3648777,131.0,234.0,0.14146787,120.0,239.0,0.22588068
girl2_cobra064.jpg,89.0,162.0,0.14238147,87.0,159.0,0.23707612,93.0,159.0,0.14699733,89.0,161.0,0.5311854,108.0,160.0,0.42622253,89.0,183.0,0.6362001,119.0,182.0,0.41772687,90.0,207.0,0.57448834,138.0,202.0,0.30709732,166.0,190.0,0.4198966,166.0,190.0,0.20467289,121.0,216.0,0.18177448,110.0,220.0,0.38065067,172.0,230.0,0.25924477,131.0,215.0,0.17951788,179.0,258.0,0.39380074,172.0,246.0,0.119108655
girl2_cobra064_flipped.jpg,213.0,162.0,0.13594824,208.0,159.0,0.11485617,213.0,159.0,0.2731686,192.0,160.0,0.4450345,212.0,162.0,0.4522941,181.0,180.0,0.65385294,209.0,181.0,0.5754617,160.0,202.0,0.7014214,210.0,205.0,0.5466696,134.0,189.0,0.16229348,244.0,206.0,0.49317297,176.0,216.0,0.36083627,187.0,218.0,0.33858547,157.0,232.0,0.2090672,164.0,234.0,0.18993744,120.0,261.0,0.42109954,126.0,244.0,0.1160726
girl2_cobra069.jpg,102.0,158.0,0.19014387,95.0,157.0,0.4027708,101.0,156.0,0.27729464,96.0,159.0,0.41872847,103.0,159.0,0.28779832,126.0,179.0,0.8275668,97.0,180.0,0.4142201,140.0,202.0,0.80519295,94.0,205.0,0.7449136,168.0,190.0,0.8740878,62.0,206.0,0.17237855,129.0,210.0,0.7261914,108.0,216.0,0.66236824,149.0,228.0,0.31961212,131.0,236.0,0.6075474,176.0,245.0,0.108538896,158.0,247.0,0.15938179
girl2_cobra069_flipped.jpg,202.0,160.0,0.30050462,196.0,156.0,0.3880221,204.0,157.0,0.34480202,188.0,159.0,0.5503719,205.0,161.0,0.5941541,174.0,179.0,0.87431127,205.0,181.0,0.7354641,158.0,202.0,0.8235111,207.0,206.0,0.628126,132.0,190.0,0.47738472,240.0,206.0,0.6467059,175.0,216.0,0.6009934,186.0,219.0,0.6007141,147.0,230.0,0.40389967,170.0,235.0,0.51948607,119.0,246.0,0.6308422,143.0,249.0,0.35927022
girl2_cobra075.jpg,115.0,156.0,0.12882149,108.0,155.0,0.23546337,116.0,154.0,0.10785469,107.0,158.0,0.45380533,123.0,157.0,0.38833827,135.0,178.0,0.8179433,106.0,180.0,0.64964736,148.0,200.0,0.78181976,102.0,203.0,0.7910088,176.0,188.0,0.696275,70.0,203.0,0.5226885,133.0,211.0,0.6557799,113.0,214.0,0.59041965,149.0,228.0,0.3753614,129.0,233.0,0.64136636,170.0,247.0,0.33787185,170.0,247.0,0.43285894
girl2_cobra075_flipped.jpg,187.0,156.0,0.43722808,183.0,153.0,0.5782372,190.0,153.0,0.55620956,176.0,156.0,0.65381867,193.0,157.0,0.6900672,163.0,177.0,0.8769368,195.0,179.0,0.7864264,151.0,200.0,0.87352914,199.0,202.0,0.6987359,125.0,188.0,0.77222097,229.0,203.0,0.66550666,176.0,214.0,0.5200098,179.0,217.0,0.6954993,158.0,228.0,0.32468945,149.0,228.0,0.44820026,153.0,255.0,0.2562524,131.0,248.0,0.5938131
girl2_cobra078.jpg,123.0,154.0,0.13259013,116.0,153.0,0.25136447,128.0,151.0,0.25282001,114.0,157.0,0.47492316,132.0,155.0,0.47992116,110.0,178.0,0.80442494,141.0,176.0,0.64443433,106.0,201.0,0.7422875,153.0,199.0,0.7371583,75.0,201.0,0.5706527,180.0,188.0,0.31658173,118.0,213.0,0.619388,141.0,210.0,0.6312497,132.0,234.0,0.5953609,151.0,227.0,0.6511308,143.0,253.0,0.5500798,167.0,250.0,0.64629495
girl2_cobra078_flipped.jpg,176.0,155.0,0.46548426,172.0,151.0,0.59863055,179.0,151.0,0.6351573,166.0,154.0,0.6669394,184.0,155.0,0.62895393,156.0,176.0,0.8914516,188.0,178.0,0.73848474,145.0,199.0,0.81374586,193.0,201.0,0.8073273,118.0,187.0,0.74144816,223.0,202.0,0.72523415,166.0,208.0,0.5701646,177.0,210.0,0.7980189,150.0,225.0,0.39000538,157.0,223.0,0.109076485,154.0,262.0,0.43661502,134.0,247.0,0.4831139
girl2_cobra081.jpg,127.0,154.0,0.18602365,125.0,152.0,0.4015215,127.0,152.0,0.3794432,137.0,153.0,0.2353904,128.0,154.0,0.15113322,150.0,174.0,0.7550036,118.0,175.0,0.8711266,160.0,198.0,0.80229855,114.0,199.0,0.85567755,187.0,186.0,0.8799293,85.0,199.0,0.62907255,147.0,205.0,0.7519604,127.0,207.0,0.5213591,160.0,227.0,0.5575112,133.0,229.0,0.50666606,167.0,252.0,0.62318456,143.0,251.0,0.66135305
girl2_cobra081_flipped.jpg,166.0,153.0,0.52840817,163.0,150.0,0.40548494,170.0,149.0,0.69340664,158.0,154.0,0.73222345,174.0,153.0,0.68629724,148.0,174.0,0.78109163,181.0,176.0,0.9088846,140.0,198.0,0.6731312,186.0,199.0,0.7268827,112.0,186.0,0.7080488,215.0,199.0,0.7509488,155.0,207.0,0.60761315,173.0,209.0,0.7312542,144.0,221.0,0.34802806,168.0,229.0,0.4043474,134.0,249.0,0.36956993,156.0,250.0,0.56187
girl2_cobra082.jpg,133.0,152.0,0.28966543,129.0,150.0,0.48974153,134.0,150.0,0.3406624,126.0,153.0,0.5566035,142.0,153.0,0.56363714,123.0,174.0,0.6759151,151.0,173.0,0.56517863,163.0,197.0,0.826464,117.0,198.0,0.73871887,190.0,186.0,0.8253304,88.0,198.0,0.54725957,141.0,205.0,0.52039844,144.0,206.0,0.5393711,162.0,228.0,0.38739544,151.0,226.0,0.11460408,166.0,249.0,0.2674902,144.0,251.0,0.13519652
girl2_cobra082_flipped.jpg,165.0,154.0,0.37081492,160.0,151.0,0.3605455,168.0,150.0,0.41550696,155.0,154.0,0.7567381,173.0,154.0,0.65701056,146.0,174.0,0.85327756,178.0,175.0,0.96296525,137.0,198.0,0.8718322,184.0,198.0,0.93633044,109.0,186.0,0.875954,213.0,198.0,0.8712858,150.0,206.0,0.77770233,171.0,208.0,0.90074325,139.0,227.0,0.6002071,166.0,230.0,0.7315346,133.0,248.0,0.62995946,157.0,248.0,0.46050617
girl2_cobra084.jpg,143.0,153.0,0.3953625,147.0,151.0,0.44733977,139.0,151.0,0.506253,152.0,153.0,0.5294312,133.0,153.0,0.46834382,160.0,173.0,0.9360664,127.0,173.0,0.94869834,168.0,197.0,0.90866846,121.0,197.0,0.90349954,195.0,186.0,0.7106722,94.0,198.0,0.75761783,155.0,202.0,0.86151844,134.0,203.0,0.7947966,165.0,228.0,0.7230053,138.0,228.0,0.39317852,166.0,243.0,0.41125324,142.0,245.0,0.29236102
girl2_cobra084_flipped.jpg,157.0,152.0,0.33205873,155.0,149.0,0.2952082,159.0,149.0,0.4261184,150.0,152.0,0.4813329,165.0,152.0,0.56254613,140.0,172.0,0.7355507,173.0,174.0,0.8197827,132.0,197.0,0.6221703,178.0,196.0,0.7744231,105.0,186.0,0.21600817,207.0,197.0,0.722955,149.0,204.0,0.6112261,166.0,206.0,0.584692,144.0,220.0,0.15332083,158.0,215.0,0.20810601,158.0,248.0,0.24099669,134.0,243.0,0.37842554
girl2_cobra085.jpg,146.0,151.0,0.3110446,143.0,149.0,0.30096033,149.0,148.0,0.49003875,138.0,153.0,0.45807466,153.0,152.0,0.5806298,131.0,173.0,0.7370533,162.0,173.0,0.8528638,125.0,197.0,0.48555055,170.0,195.0,0.33416307,198.0,186.0,0.65830874,198.0,186.0,0.3856728,139.0,206.0,0.56067586,157.0,205.0,0.69963145,142.0,228.0,0.13631679,163.0,224.0,0.21606906,145.0,258.0,0.41726196,168.0,252.0,0.4514751
girl2_cobra085_flipped.jpg,154.0,152.0,0.46436843,150.0,149.0,0.6338584,156.0,148.0,0.68096316,146.0,152.0,0.6339364,160.0,151.0,0.74088335,167.0,173.0,0.8788249,139.0,174.0,0.81977797,175.0,196.0,0.8764136,129.0,197.0,0.8122579,204.0,197.0,0.7642093,101.0,186.0,0.7468658,163.0,205.0,0.80368966,142.0,204.0,0.5183743,162.0,215.0,0.74540615,138.0,214.0,0.48966148,157.0,249.0,0.5296939,133.0,249.0,0.61016285
girl2_cobra089.jpg,160.0,150.0,0.4894447,164.0,147.0,0.57026017,156.0,147.0,0.5579835,169.0,150.0,0.62062013,151.0,150.0,0.48336986,176.0,172.0,0.82714736,144.0,172.0,0.93801576,183.0,196.0,0.88893056,136.0,196.0,0.92297196,210.0,186.0,0.7186496,108.0,196.0,0.83486944,171.0,203.0,0.82339245,149.0,203.0,0.6325047,171.0,216.0,0.5284239,148.0,217.0,0.34379184,171.0,249.0,0.6575738,146.0,251.0,0.77100486
girl2_cobra089_flipped.jpg,140.0,150.0,0.44457042,138.0,148.0,0.51829684,141.0,148.0,0.5968474,135.0,151.0,0.49646422,144.0,150.0,0.5860252,156.0,172.0,0.82488346,125.0,173.0,0.9456477,163.0,195.0,0.6522584,118.0,196.0,0.88789046,191.0,195.0,0.8027307,90.0,186.0,0.86030805,152.0,204.0,0.8362464,131.0,203.0,0.8005746,153.0,219.0,0.63076866,130.0,221.0,0.54868233,154.0,252.0,0.5084618,130.0,251.0,0.5932511
girl2_cobra091.jpg,164.0,150.0,0.21218482,162.0,148.0,0.42670164,163.0,148.0,0.44351166,170.0,150.0,0.21411085,162.0,150.0,0.17991099,182.0,171.0,0.9431629,149.0,171.0,0.86846054,188.0,196.0,0.68260235,142.0,196.0,0.88395405,216.0,186.0,0.8835039,114.0,195.0,0.7671517,175.0,202.0,0.85679066,154.0,201.0,0.8003328,175.0,220.0,0.58745736,152.0,217.0,0.26668745,171.0,249.0,0.65804416,148.0,248.0,0.8350952
girl2_cobra091_flipped.jpg,132.0,150.0,0.47738317,131.0,147.0,0.40773785,134.0,147.0,0.6367425,126.0,151.0,0.59843266,137.0,150.0,0.5461137,149.0,171.0,0.9315709,117.0,171.0,0.94778556,157.0,195.0,0.9365701,111.0,195.0,0.83052784,186.0,194.0,0.8792513,83.0,186.0,0.86669487,145.0,203.0,0.84760123,124.0,203.0,0.8257059,148.0,219.0,0.51275533,124.0,221.0,0.6381752,153.0,251.0,0.62506723,128.0,249.0,0.6197894
girl2_cobra092.jpg,165.0,151.0,0.22326505,170.0,148.0,0.5145014,162.0,149.0,0.6796591,177.0,150.0,0.54874414,162.0,150.0,0.56906164,186.0,171.0,0.91717154,153.0,171.0,0.94028986,191.0,197.0,0.83489335,145.0,195.0,0.7986671,219.0,187.0,0.56940454,117.0,195.0,0.81350136,178.0,201.0,0.8689057,158.0,201.0,0.7588161,177.0,221.0,0.5559685,154.0,218.0,0.35934514,173.0,248.0,0.59845114,148.0,245.0,0.8265737
girl2_cobra092_flipped.jpg,129.0,152.0,0.3888362,131.0,148.0,0.42747712,127.0,149.0,0.47614095,135.0,150.0,0.55447483,125.0,151.0,0.44680384,146.0,171.0,0.7928872,114.0,172.0,0.9744169,155.0,195.0,0.93860424,108.0,197.0,0.91856563,183.0,195.0,0.8051766,81.0,186.0,0.8459596,142.0,202.0,0.80246466,121.0,203.0,0.7696757,149.0,225.0,0.38052672,123.0,227.0,0.8151364,152.0,252.0,0.58567715,128.0,249.0,0.576765
girl2_cobra095.jpg,174.0,152.0,0.27987838,180.0,148.0,0.50110626,172.0,149.0,0.48323604,187.0,150.0,0.57121676,172.0,150.0,0.4559925,195.0,172.0,0.9063106,162.0,171.0,0.9211264,200.0,197.0,0.87262297,153.0,196.0,0.8876742,229.0,187.0,0.8428138,124.0,195.0,0.69318646,187.0,202.0,0.80378944,166.0,201.0,0.78854215,183.0,219.0,0.6496416,160.0,217.0,0.5333476,174.0,251.0,0.73959845,151.0,245.0,0.70257384
girl2_cobra095_flipped.jpg,119.0,149.0,0.38347614,119.0,146.0,0.3012479,118.0,147.0,0.33885273,123.0,149.0,0.3340413,115.0,151.0,0.19744208,137.0,170.0,0.89925075,104.0,171.0,0.92133266,147.0,195.0,0.9039348,99.0,196.0,0.93993753,175.0,194.0,0.8638584,71.0,187.0,0.83264446,135.0,202.0,0.7484787,113.0,204.0,0.6961585,144.0,227.0,0.43036917,117.0,226.0,0.727291,149.0,247.0,0.30702102,126.0,250.0,0.343518
girl2_cobra103.jpg,207.0,149.0,0.2773754,211.0,146.0,0.3111117,204.0,145.0,0.27671617,213.0,148.0,0.14563444,196.0,147.0,0.26921585,216.0,172.0,0.7937198,186.0,170.0,0.75545865,221.0,196.0,0.7355703,172.0,194.0,0.53839195,251.0,188.0,0.74610424,145.0,193.0,0.54429096,206.0,206.0,0.60921925,185.0,204.0,0.54499245,196.0,223.0,0.21868454,170.0,221.0,0.11510995,172.0,254.0,0.43561804,146.0,253.0,0.3830325
girl2_cobra103_flipped.jpg,94.0,146.0,0.20521054,88.0,144.0,0.30754125,99.0,143.0,0.38989872,84.0,148.0,0.62378365,105.0,147.0,0.5179012,82.0,171.0,0.7673255,115.0,170.0,0.6453873,79.0,198.0,0.76408446,128.0,194.0,0.7118782,50.0,188.0,0.48938128,156.0,193.0,0.61216414,96.0,208.0,0.47890374,116.0,208.0,0.48042053,108.0,231.0,0.3994821,131.0,229.0,0.41532812,131.0,259.0,0.23422742,154.0,251.0,0.36831447
girl2_cobra107.jpg,219.0,146.0,0.11812935,220.0,143.0,0.18429716,215.0,142.0,0.18722634,208.0,144.0,0.26346296,212.0,145.0,0.22787471,224.0,170.0,0.6870112,195.0,169.0,0.74435735,229.0,196.0,0.73304373,177.0,193.0,0.8135348,259.0,188.0,0.5688793,150.0,190.0,0.66974556,213.0,210.0,0.5746721,190.0,206.0,0.5475091,195.0,228.0,0.3170572,167.0,229.0,0.41705978,166.0,254.0,0.33593962,140.0,253.0,0.5308149
girl2_cobra107_flipped.jpg,82.0,144.0,0.20229028,77.0,141.0,0.2869526,84.0,140.0,0.19261432,75.0,145.0,0.4275182,94.0,144.0,0.5226166,94.0,168.0,0.1834705,102.0,168.0,0.349934,121.0,192.0,0.47653493,71.0,196.0,0.3535844,151.0,191.0,0.6310601,41.0,187.0,0.6071731,103.0,207.0,0.31529152,98.0,207.0,0.45238674,133.0,230.0,0.2688976,113.0,235.0,0.3722896,159.0,251.0,0.5994251,139.0,252.0,0.28989518
girl2_cobra108_flipped.jpg,78.0,145.0,0.121753275,74.0,143.0,0.24464029,84.0,141.0,0.15723021,73.0,146.0,0.47562027,93.0,144.0,0.5773933,72.0,170.0,0.7241868,104.0,168.0,0.622696,67.0,196.0,0.51921844,121.0,192.0,0.569641,39.0,186.0,0.4941133,149.0,190.0,0.4620285,87.0,211.0,0.42790863,105.0,207.0,0.38293663,110.0,235.0,0.27861753,133.0,232.0,0.13637337,162.0,253.0,0.38195518,144.0,271.0,0.18291526
girl2_cobra109.jpg,231.0,146.0,0.29852998,227.0,142.0,0.18888949,230.0,142.0,0.38425326,209.0,143.0,0.32570887,224.0,144.0,0.39224944,226.0,169.0,0.4530099,200.0,168.0,0.3291175,233.0,196.0,0.42589447,179.0,192.0,0.69109094,264.0,187.0,0.37281752,152.0,189.0,0.6388291,214.0,211.0,0.56076956,190.0,206.0,0.37920406,194.0,231.0,0.3665101,167.0,228.0,0.43408656,159.0,254.0,0.30427232,135.0,253.0,0.50819814
girl2_cobra109_flipped.jpg,72.0,144.0,0.18263601,70.0,141.0,0.33423936,76.0,140.0,0.24632141,71.0,144.0,0.4300421,91.0,142.0,0.39591187,71.0,168.0,0.68694437,103.0,166.0,0.72164494,66.0,196.0,0.62273383,121.0,192.0,0.5349044,36.0,186.0,0.4759736,149.0,189.0,0.30612215,89.0,212.0,0.36583,94.0,211.0,0.3735087,134.0,228.0,0.2499537,111.0,234.0,0.33758238,165.0,254.0,0.27291572,165.0,253.0,0.23424497
girl2_cobra120.jpg,244.0,136.0,0.20145123,240.0,131.0,0.1596596,244.0,133.0,0.39178127,219.0,133.0,0.39687344,237.0,135.0,0.50722957,206.0,156.0,0.71181625,234.0,157.0,0.5664346,178.0,182.0,0.6366475,245.0,187.0,0.49237975,158.0,178.0,0.70407027,276.0,179.0,0.7278742,203.0,205.0,0.58223605,207.0,206.0,0.45676762,172.0,231.0,0.5792039,160.0,223.0,0.25822794,128.0,247.0,0.18452771,119.0,246.0,0.29724985
girl2_cobra122.jpg,245.0,134.0,0.24449998,240.0,129.0,0.16524296,244.0,131.0,0.30743858,219.0,131.0,0.40373215,238.0,134.0,0.5227308,206.0,153.0,0.7979108,234.0,155.0,0.64534485,179.0,181.0,0.6533391,244.0,186.0,0.5663863,157.0,176.0,0.46321464,275.0,177.0,0.66510475,202.0,206.0,0.5145482,202.0,205.0,0.4744525,165.0,230.0,0.6457591,154.0,224.0,0.200068,112.0,247.0,0.34583202,109.0,244.0,0.44698068
girl2_cobra127.jpg,247.0,136.0,0.37049466,242.0,132.0,0.21491668,246.0,133.0,0.4822572,222.0,132.0,0.43599722,240.0,134.0,0.4395393,208.0,153.0,0.5696255,234.0,155.0,0.6589742,177.0,179.0,0.7158489,236.0,184.0,0.53120124,161.0,174.0,0.67422163,267.0,170.0,0.6346194,188.0,202.0,0.55468345,199.0,207.0,0.49088183,142.0,221.0,0.3974358,148.0,224.0,0.44984034,100.0,238.0,0.19571741,99.0,237.0,0.14494307
girl2_cobra130.jpg,255.0,150.0,0.16745253,250.0,145.0,0.121104516,256.0,147.0,0.22539541,230.0,146.0,0.589013,250.0,150.0,0.5063588,212.0,163.0,0.68404853,236.0,165.0,0.7101555,180.0,178.0,0.26921186,230.0,183.0,0.21373567,170.0,177.0,0.5089467,261.0,167.0,0.5284503,180.0,200.0,0.41853774,191.0,206.0,0.44308192,138.0,220.0,0.3444904,136.0,219.0,0.30102405,86.0,231.0,0.137175,92.0,224.0,0.15815526
girl2_cobra136_flipped.jpg,52.0,183.0,0.28546217,48.0,180.0,0.4316443,48.0,181.0,0.34071317,50.0,174.0,0.4729765,52.0,175.0,0.40856645,64.0,180.0,0.42667386,83.0,174.0,0.3819742,82.0,180.0,0.54591054,99.0,178.0,0.32173443,46.0,174.0,0.49465933,123.0,178.0,0.6236495,116.0,206.0,0.5608548,123.0,196.0,0.4856586,172.0,219.0,0.45337665,177.0,215.0,0.37532505,190.0,217.0,0.15208605,194.0,216.0,0.1374835
girl3_cobra060.jpg,253.0,216.0,0.1971289,261.0,214.0,0.16569787,255.0,210.0,0.23639978,264.0,217.0,0.21202306,256.0,213.0,0.21258804,239.0,219.0,0.21287309,242.0,196.0,0.15945105,222.0,236.0,0.16999261,212.0,155.0,0.14093336,206.0,206.0,0.115151286,202.0,185.0,0.117353626,198.0,184.0,0.24811049,204.0,174.0,0.2578927,175.0,137.0,0.19187866,164.0,140.0,0.35414174,153.0,92.0,0.24167037,153.0,95.0,0.2863594
girl3_cobra064.jpg,267.0,236.0,0.3040547,274.0,231.0,0.33044785,267.0,230.0,0.41344422,264.0,219.0,0.1764163,248.0,223.0,0.25200155,257.0,193.0,0.2201038,221.0,217.0,0.22538929,241.0,171.0,0.18426357,181.0,185.0,0.24320108,226.0,181.0,0.16317414,197.0,218.0,0.29800752,219.0,177.0,0.32069543,197.0,182.0,0.35292614,196.0,140.0,0.28693005,160.0,145.0,0.26021662,154.0,74.0,0.14569174,152.0,77.0,0.18791601
girl3_cobra094.jpg,129.0,237.0,0.4626005,138.0,227.0,0.42494527,123.0,231.0,0.37639397,152.0,200.0,0.3094743,108.0,216.0,0.32894173,168.0,171.0,0.14531584,100.0,187.0,0.18468203,193.0,167.0,0.17758931,74.0,168.0,0.30360338,226.0,198.0,0.5670742,44.0,198.0,0.57327616,153.0,147.0,0.29315352,119.0,147.0,0.44997132,155.0,100.0,0.7603496,118.0,98.0,0.59204364,156.0,37.0,0.14346199,124.0,36.0,0.17558973
girl3_cobra094_flipped.jpg,164.0,235.0,0.33100012,174.0,231.0,0.4557969,160.0,227.0,0.4394521,192.0,201.0,0.22325896,153.0,203.0,0.1790099,201.0,169.0,0.34796858,138.0,178.0,0.28391635,225.0,165.0,0.3711507,103.0,176.0,0.26365277,257.0,197.0,0.75691104,74.0,198.0,0.6059271,181.0,141.0,0.36932373,149.0,142.0,0.51720804,183.0,96.0,0.682063,144.0,96.0,0.48223016,174.0,34.0,0.1969878,145.0,38.0,0.19464602
girl3_cobra096.jpg,117.0,232.0,0.4651118,125.0,225.0,0.42805701,108.0,225.0,0.44085136,140.0,208.0,0.19014576,92.0,206.0,0.21721639,152.0,217.0,0.17716703,135.0,168.0,0.14527123,175.0,155.0,0.20771904,177.0,157.0,0.29137722,226.0,185.0,0.4909852,227.0,185.0,0.43785712,108.0,140.0,0.27016357,151.0,135.0,0.3358316,120.0,94.0,0.31914195,152.0,94.0,0.32595095,124.0,47.0,0.17896838,124.0,47.0,0.22792086
girl3_cobra096_flipped.jpg,189.0,189.0,0.11316511,199.0,190.0,0.31325015,187.0,194.0,0.16292654,196.0,180.0,0.29372948,164.0,199.0,0.2131164,204.0,160.0,0.24666375,159.0,174.0,0.14916462,231.0,157.0,0.15079622,113.0,161.0,0.23510131,270.0,182.0,0.7862325,73.0,185.0,0.6804799,170.0,140.0,0.1862933,169.0,139.0,0.28714484,180.0,93.0,0.5672651,147.0,93.0,0.34507447,145.0,30.0,0.24758013,175.0,33.0,0.25570667
girl3_cobra097_flipped.jpg,176.0,228.0,0.31890798,187.0,222.0,0.34256962,175.0,218.0,0.33614463,200.0,200.0,0.16925299,167.0,196.0,0.26451072,212.0,162.0,0.41177055,157.0,178.0,0.12034724,229.0,153.0,0.20194067,95.0,170.0,0.16161361,272.0,174.0,0.711514,71.0,177.0,0.5407424,178.0,143.0,0.19105503,155.0,140.0,0.40406132,182.0,92.0,0.6982845,148.0,92.0,0.4708454,146.0,29.0,0.22506224,147.0,29.0,0.17480615
girl3_cobra098.jpg,106.0,231.0,0.4519672,115.0,225.0,0.47583532,98.0,222.0,0.34887052,136.0,208.0,0.36155647,93.0,208.0,0.20930909,151.0,178.0,0.2553409,85.0,171.0,0.2025925,175.0,158.0,0.15404475,69.0,153.0,0.39409426,222.0,171.0,0.52201223,21.0,166.0,0.65819025,143.0,142.0,0.44485226,112.0,139.0,0.4894099,150.0,92.0,0.55657816,120.0,91.0,0.43098503,155.0,25.0,0.1463055,156.0,27.0,0.5084106
girl3_cobra101.jpg,93.0,218.0,0.31082332,100.0,214.0,0.35782024,87.0,205.0,0.33337364,118.0,194.0,0.22409303,90.0,190.0,0.16121273,91.0,152.0,0.19816731,111.0,150.0,0.19088626,70.0,142.0,0.2566608,71.0,144.0,0.41460925,218.0,155.0,0.42798623,19.0,139.0,0.43367115,117.0,135.0,0.20837992,133.0,133.0,0.28042558,118.0,83.0,0.54217374,120.0,84.0,0.29841527,131.0,21.0,0.15415901,128.0,23.0,0.23178422
girl3_cobra107_flipped.jpg,214.0,200.0,0.45937148,224.0,190.0,0.4693064,205.0,190.0,0.51680005,236.0,175.0,0.24862571,176.0,177.0,0.3815823,227.0,137.0,0.47951794,154.0,155.0,0.31013167,179.0,73.0,0.12544444,88.0,164.0,0.20476776,86.0,164.0,0.22924548,86.0,163.0,0.31728828,184.0,117.0,0.16702293,148.0,113.0,0.3264905,177.0,72.0,0.54103106,145.0,80.0,0.32861203,134.0,21.0,0.25393966,133.0,21.0,0.22450596
girl3_cobra116.jpg,78.0,161.0,0.5801914,89.0,152.0,0.66849625,70.0,151.0,0.5062441,113.0,140.0,0.32426813,66.0,139.0,0.22347541,136.0,137.0,0.59816253,71.0,128.0,0.40806898,165.0,138.0,0.6090697,63.0,122.0,0.25640008,203.0,155.0,0.8071053,31.0,118.0,0.66027486,150.0,105.0,0.71294385,113.0,98.0,0.711697,162.0,75.0,0.7594807,128.0,68.0,0.8861916,180.0,19.0,0.4723914,152.0,12.0,0.35272044
girl3_cobra116_flipped.jpg,221.0,161.0,0.6089077,229.0,150.0,0.6653321,211.0,151.0,0.6825351,235.0,134.0,0.42152765,188.0,145.0,0.42378205,232.0,126.0,0.4456721,164.0,144.0,0.6507442,239.0,117.0,0.21319687,133.0,141.0,0.45259652,270.0,117.0,0.72694933,95.0,155.0,0.5687058,194.0,108.0,0.5681032,159.0,110.0,0.5606882,169.0,69.0,0.6755836,139.0,77.0,0.6033926,147.0,11.0,0.16788815,122.0,16.0,0.34456828
girl3_cobra117.jpg,78.0,158.0,0.5953642,89.0,149.0,0.6994113,70.0,147.0,0.66516995,114.0,137.0,0.2893032,67.0,134.0,0.30036223,137.0,134.0,0.70614886,68.0,124.0,0.56794405,165.0,135.0,0.49818096,62.0,117.0,0.18120758,204.0,153.0,0.7981239,31.0,115.0,0.71469575,148.0,103.0,0.6717433,113.0,96.0,0.78342366,163.0,72.0,0.788023,130.0,67.0,0.78611743,181.0,16.0,0.61452055,154.0,9.0,0.6151729
girl3_cobra117_flipped.jpg,221.0,158.0,0.6372545,229.0,147.0,0.68799895,210.0,148.0,0.6677128,234.0,132.0,0.44238678,187.0,142.0,0.40556803,231.0,127.0,0.43743506,159.0,141.0,0.6203913,238.0,117.0,0.15645744,135.0,136.0,0.5199957,267.0,116.0,0.66811466,96.0,155.0,0.5000738,196.0,107.0,0.48447898,159.0,109.0,0.5553486,168.0,67.0,0.71463704,138.0,76.0,0.5221188,142.0,15.0,0.13696912,119.0,20.0,0.1794726
girl3_cobra118.jpg,78.0,156.0,0.536549,90.0,146.0,0.7516054,71.0,145.0,0.5998539,115.0,134.0,0.44265932,67.0,131.0,0.2687001,138.0,133.0,0.7076276,70.0,122.0,0.5856842,164.0,136.0,0.42181578,63.0,114.0,0.14777987,203.0,152.0,0.82756674,33.0,112.0,0.7328677,148.0,103.0,0.64619386,113.0,96.0,0.7350897,166.0,72.0,0.87464905,132.0,67.0,0.80727196,183.0,15.0,0.6601672,157.0,8.0,0.5710585
girl3_cobra120.jpg,79.0,148.0,0.464571,89.0,140.0,0.67411315,72.0,138.0,0.48829597,113.0,130.0,0.40276587,70.0,126.0,0.22883771,135.0,133.0,0.6007538,74.0,122.0,0.30229732,179.0,141.0,0.102339715,67.0,115.0,0.2716079,203.0,153.0,0.55031866,40.0,113.0,0.5577406,154.0,106.0,0.3251886,121.0,99.0,0.5941843,165.0,83.0,0.46827918,135.0,66.0,0.648,184.0,19.0,0.108383,160.0,13.0,0.36001432
girl3_cobra120_flipped.jpg,219.0,149.0,0.4566422,226.0,139.0,0.5924169,209.0,140.0,0.79383427,233.0,125.0,0.47970665,188.0,135.0,0.33873245,231.0,119.0,0.5385382,162.0,136.0,0.67257667,233.0,115.0,0.32614708,130.0,139.0,0.5396004,264.0,112.0,0.70819217,96.0,154.0,0.53297603,190.0,103.0,0.51719844,154.0,109.0,0.5303111,163.0,68.0,0.6882191,132.0,73.0,0.6516746,136.0,14.0,0.2875515,134.0,15.0,0.2801525
girl3_cobra123.jpg,82.0,143.0,0.5800035,92.0,134.0,0.72651124,75.0,132.0,0.5775067,117.0,124.0,0.51982296,71.0,121.0,0.23530847,139.0,129.0,0.69533956,76.0,114.0,0.4132958,175.0,138.0,0.13583486,70.0,110.0,0.2506383,204.0,150.0,0.77822703,45.0,107.0,0.6605818,150.0,102.0,0.5912565,116.0,96.0,0.590467,171.0,79.0,0.7635033,139.0,69.0,0.81970394,190.0,21.0,0.3196253,166.0,12.0,0.3605408
girl3_cobra123_flipped.jpg,218.0,143.0,0.6955313,225.0,132.0,0.52484095,209.0,134.0,0.60435116,229.0,120.0,0.45774707,187.0,130.0,0.29792252,227.0,115.0,0.62615556,160.0,131.0,0.6797848,231.0,110.0,0.2944743,132.0,132.0,0.49385506,260.0,108.0,0.51745874,98.0,151.0,0.5035522,181.0,100.0,0.4322606,147.0,109.0,0.5644994,158.0,68.0,0.6123871,128.0,76.0,0.6101953,134.0,17.0,0.17926502,121.0,26.0,0.16018146
girl3_cobra125.jpg,82.0,145.0,0.53749704,93.0,136.0,0.5725367,76.0,134.0,0.6943158,119.0,126.0,0.624233,74.0,122.0,0.2326825,141.0,129.0,0.69188064,76.0,117.0,0.4427778,170.0,133.0,0.33607373,72.0,108.0,0.26755413,204.0,151.0,0.7554245,47.0,105.0,0.6675461,148.0,104.0,0.48402688,118.0,96.0,0.68040293,174.0,76.0,0.72507536,144.0,70.0,0.65796125,194.0,21.0,0.4311754,171.0,13.0,0.52260876
girl3_cobra125_flipped.jpg,216.0,145.0,0.5628192,223.0,134.0,0.7604809,206.0,135.0,0.5823811,228.0,122.0,0.44075942,186.0,130.0,0.4150851,228.0,118.0,0.52924573,160.0,133.0,0.6351672,231.0,107.0,0.17687109,126.0,136.0,0.60137147,258.0,104.0,0.3715509,95.0,151.0,0.5998138,187.0,101.0,0.64515054,152.0,107.0,0.4418904,156.0,69.0,0.6449004,126.0,75.0,0.65436214,127.0,16.0,0.28610083,116.0,16.0,0.15651906
girl3_cobra126.jpg,82.0,151.0,0.51675797,92.0,143.0,0.6536354,76.0,142.0,0.60681015,119.0,132.0,0.41819534,73.0,132.0,0.2451013,143.0,130.0,0.7314044,75.0,124.0,0.38803092,172.0,134.0,0.29216743,72.0,108.0,0.31775197,205.0,151.0,0.7734565,49.0,104.0,0.59638435,153.0,104.0,0.52856535,118.0,97.0,0.6534362,175.0,80.0,0.6021234,144.0,71.0,0.765776,195.0,23.0,0.26073816,173.0,14.0,0.33582467
girl3_cobra132_flipped.jpg,218.0,214.0,0.24023637,223.0,212.0,0.31706086,217.0,213.0,0.28139222,207.0,196.0,0.10573877,215.0,191.0,0.2590193,169.0,174.0,0.3581476,219.0,159.0,0.24627085,137.0,135.0,0.41664743,203.0,113.0,0.5099312,100.0,162.0,0.70738953,246.0,115.0,0.5847348,139.0,113.0,0.7032807,173.0,106.0,0.5430887,117.0,82.0,0.6285322,142.0,68.0,0.7847383,96.0,26.0,0.31525123,112.0,19.0,0.32255283
girl3_cobra138_flipped.jpg,208.0,223.0,0.30986354,216.0,222.0,0.28320444,205.0,225.0,0.41760266,218.0,200.0,0.44192955,195.0,213.0,0.34312463,214.0,164.0,0.8429189,160.0,183.0,0.768106,192.0,119.0,0.5048764,140.0,137.0,0.44874898,237.0,121.0,0.5864092,103.0,172.0,0.715163,164.0,114.0,0.62278116,141.0,118.0,0.61875397,130.0,75.0,0.4524164,111.0,82.0,0.49446353,112.0,34.0,0.34348148,86.0,35.0,0.15892957
guy1_cobra025.jpg,211.0,111.0,0.66482514,210.0,106.0,0.75567615,208.0,106.0,0.7116903,197.0,104.0,0.6743418,195.0,104.0,0.8790594,179.0,112.0,0.84072685,173.0,110.0,0.70710564,143.0,116.0,0.33681777,133.0,120.0,0.5047002,161.0,138.0,0.27819228,152.0,144.0,0.70123804,114.0,124.0,0.70914555,112.0,126.0,0.74152184,64.0,126.0,0.7357823,65.0,128.0,0.6632849,23.0,125.0,0.76858693,23.0,125.0,0.71183074
guy1_cobra025_flipped.jpg,89.0,111.0,0.5558523,91.0,107.0,0.72029394,90.0,107.0,0.6701822,104.0,104.0,0.77426416,102.0,105.0,0.5320421,126.0,111.0,0.7440678,122.0,111.0,0.7951603,165.0,121.0,0.5226163,152.0,115.0,0.39138678,147.0,145.0,0.6481942,133.0,136.0,0.5313017,184.0,128.0,0.63607323,183.0,124.0,0.6933891,235.0,130.0,0.5917952,232.0,125.0,0.74751115,277.0,126.0,0.7222147,273.0,124.0,0.7386987
guy1_cobra026.jpg,208.0,110.0,0.6267857,206.0,106.0,0.60459995,205.0,106.0,0.4839585,195.0,103.0,0.6035255,192.0,103.0,0.8007476,179.0,112.0,0.7342251,170.0,109.0,0.7633294,162.0,119.0,0.3289812,132.0,120.0,0.5068281,167.0,134.0,0.38429302,151.0,145.0,0.66203815,114.0,125.0,0.7815143,111.0,126.0,0.82924676,65.0,126.0,0.7057003,64.0,129.0,0.7103321,24.0,125.0,0.7841662,23.0,125.0,0.7073848
guy1_cobra026_flipped.jpg,92.0,110.0,0.7442895,94.0,106.0,0.7839463,92.0,106.0,0.8243878,108.0,103.0,0.890625,104.0,104.0,0.74223655,130.0,111.0,0.5626371,122.0,110.0,0.62503624,167.0,123.0,0.71529907,148.0,116.0,0.26348206,148.0,145.0,0.7788761,132.0,135.0,0.61689925,185.0,129.0,0.66093075,181.0,125.0,0.70992994,234.0,129.0,0.57913285,231.0,124.0,0.7342555,277.0,126.0,0.6847943,272.0,123.0,0.72635454
guy1_cobra027.jpg,207.0,109.0,0.698814,206.0,104.0,0.8154752,204.0,104.0,0.73143995,195.0,102.0,0.59559774,192.0,102.0,0.84385103,178.0,111.0,0.7913096,170.0,108.0,0.7826428,161.0,121.0,0.2991427,132.0,120.0,0.5046536,167.0,134.0,0.3798293,152.0,145.0,0.6174765,115.0,125.0,0.78615314,112.0,126.0,0.8349984,67.0,126.0,0.72565824,65.0,129.0,0.7033871,25.0,124.0,0.822109,24.0,125.0,0.7116965
guy1_cobra027_flipped.jpg,92.0,109.0,0.6183267,94.0,105.0,0.79943526,93.0,105.0,0.7479235,108.0,102.0,0.86849535,105.0,102.0,0.7525777,130.0,110.0,0.5733148,121.0,111.0,0.7946296,167.0,122.0,0.71197945,148.0,116.0,0.26400217,148.0,144.0,0.8105322,130.0,136.0,0.6781173,184.0,128.0,0.6360251,180.0,124.0,0.69396675,234.0,129.0,0.8034501,230.0,125.0,0.7375519,275.0,125.0,0.59766555,270.0,122.0,0.7647022
guy1_cobra028.jpg,207.0,108.0,0.5436646,206.0,103.0,0.70787907,204.0,103.0,0.727665,194.0,101.0,0.51144326,191.0,101.0,0.83914447,181.0,111.0,0.72799087,170.0,108.0,0.73554003,165.0,124.0,0.40571415,132.0,119.0,0.48127133,170.0,134.0,0.41207218,152.0,144.0,0.5981505,116.0,125.0,0.7747911,113.0,126.0,0.81473434,69.0,125.0,0.7264199,66.0,129.0,0.7208391,28.0,124.0,0.81846225,25.0,125.0,0.7068571
guy1_cobra028_flipped.jpg,93.0,108.0,0.77401894,95.0,103.0,0.6586138,94.0,104.0,0.7155533,109.0,101.0,0.6941674,105.0,101.0,0.5721902,130.0,109.0,0.65014035,122.0,109.0,0.77080464,168.0,122.0,0.7023827,147.0,115.0,0.3158363,148.0,144.0,0.84273475,131.0,135.0,0.67409617,184.0,127.0,0.7118982,180.0,123.0,0.6952486,233.0,129.0,0.6537683,228.0,124.0,0.6803386,273.0,124.0,0.7530159,266.0,122.0,0.7252284
guy1_cobra029.jpg,208.0,106.0,0.48787412,208.0,102.0,0.49808395,204.0,102.0,0.4816011,196.0,100.0,0.5968396,191.0,100.0,0.84935546,183.0,109.0,0.7836705,171.0,107.0,0.8223165,163.0,124.0,0.3519334,133.0,119.0,0.44114548,170.0,134.0,0.45825684,153.0,145.0,0.6996391,119.0,125.0,0.76660746,116.0,125.0,0.820022,71.0,124.0,0.71465266,68.0,130.0,0.7166532,31.0,122.0,0.7776334,27.0,124.0,0.8158659
guy1_cobra029_flipped.jpg,91.0,107.0,0.76434636,94.0,102.0,0.7262126,92.0,102.0,0.5808588,107.0,101.0,0.69470626,103.0,101.0,0.6124588,129.0,109.0,0.75059,120.0,109.0,0.72129357,166.0,121.0,0.5090337,142.0,118.0,0.32584843,146.0,145.0,0.6844405,127.0,136.0,0.64487225,184.0,127.0,0.7171855,179.0,123.0,0.68856806,232.0,129.0,0.677928,226.0,124.0,0.6370403,271.0,124.0,0.78697556,264.0,122.0,0.7371569
guy1_cobra032.jpg,214.0,104.0,0.70208246,213.0,99.0,0.60023683,209.0,99.0,0.75188977,202.0,98.0,0.41789496,195.0,97.0,0.83609974,189.0,109.0,0.75832963,175.0,107.0,0.7862213,169.0,128.0,0.47227287,138.0,122.0,0.60696435,177.0,136.0,0.49606425,158.0,146.0,0.6446796,127.0,126.0,0.6166189,123.0,127.0,0.7852608,84.0,124.0,0.608599,76.0,130.0,0.734903,44.0,121.0,0.7955617,38.0,125.0,0.77159494
guy1_cobra032_flipped.jpg,87.0,103.0,0.8133835,89.0,98.0,0.858937,88.0,98.0,0.7731119,103.0,97.0,0.75165844,99.0,97.0,0.6104993,124.0,108.0,0.6599427,115.0,109.0,0.76539373,159.0,121.0,0.5478301,136.0,123.0,0.4024872,143.0,145.0,0.74686617,117.0,137.0,0.7737321,178.0,128.0,0.7422477,173.0,124.0,0.6515333,223.0,129.0,0.64211535,216.0,123.0,0.68349135,260.0,123.0,0.61362195,252.0,120.0,0.6563735
guy1_cobra037.jpg,225.0,98.0,0.8301711,224.0,94.0,0.8100773,220.0,94.0,0.7806264,214.0,93.0,0.55154204,206.0,93.0,0.7781148,205.0,108.0,0.5997162,183.0,105.0,0.6241246,185.0,125.0,0.62993455,152.0,123.0,0.7022543,195.0,139.0,0.75417227,170.0,148.0,0.75248015,147.0,127.0,0.69568443,139.0,127.0,0.71422076,105.0,123.0,0.6489167,94.0,128.0,0.6795888,72.0,119.0,0.63229257,59.0,122.0,0.7611514
guy1_cobra037_flipped.jpg,75.0,99.0,0.77462876,78.0,94.0,0.663642,76.0,94.0,0.6470103,93.0,94.0,0.79054385,86.0,94.0,0.4785783,119.0,106.0,0.6193743,97.0,108.0,0.7430951,149.0,126.0,0.7194787,114.0,128.0,0.5895113,131.0,149.0,0.7970204,102.0,140.0,0.83709586,165.0,129.0,0.8222,154.0,127.0,0.5981129,203.0,130.0,0.81037486,196.0,126.0,0.6551032,241.0,122.0,0.73696643,228.0,120.0,0.6494538
guy1_cobra039.jpg,229.0,97.0,0.7345467,228.0,92.0,0.75056934,224.0,93.0,0.6996647,219.0,92.0,0.53482294,211.0,92.0,0.6756239,211.0,108.0,0.6921503,185.0,104.0,0.6603345,194.0,125.0,0.46162367,155.0,125.0,0.7555599,202.0,140.0,0.91120934,175.0,151.0,0.738189,151.0,129.0,0.63778126,142.0,129.0,0.7473537,111.0,125.0,0.6896631,102.0,127.0,0.6590028,78.0,120.0,0.63160133,67.0,123.0,0.6914073
guy1_cobra039_flipped.jpg,70.0,97.0,0.55915695,75.0,93.0,0.7430409,71.0,93.0,0.6685971,89.0,93.0,0.7990572,81.0,93.0,0.6445116,117.0,105.0,0.666789,90.0,109.0,0.5671184,144.0,125.0,0.59445393,106.0,130.0,0.7285805,128.0,149.0,0.8502296,95.0,142.0,0.84578276,162.0,128.0,0.7372676,150.0,128.0,0.5437252,197.0,130.0,0.82197136,188.0,126.0,0.51617754,235.0,122.0,0.878542,218.0,119.0,0.6057621
guy1_cobra041.jpg,231.0,96.0,0.44221628,231.0,91.0,0.74886125,226.0,92.0,0.6195654,222.0,90.0,0.6666273,213.0,92.0,0.82964444,215.0,107.0,0.59764487,188.0,104.0,0.7732264,194.0,127.0,0.5501215,157.0,127.0,0.7945952,205.0,141.0,0.8692132,177.0,152.0,0.7981654,155.0,129.0,0.73867494,146.0,129.0,0.7658553,116.0,126.0,0.63839555,107.0,130.0,0.6838687,90.0,121.0,0.38376626,74.0,124.0,0.5155415
guy1_cobra041_flipped.jpg,68.0,95.0,0.7899268,73.0,90.0,0.82946134,69.0,91.0,0.8209963,88.0,90.0,0.8873766,78.0,91.0,0.48706648,115.0,105.0,0.5420232,87.0,111.0,0.6819037,141.0,125.0,0.52988565,101.0,131.0,0.6619139,125.0,150.0,0.7811261,90.0,144.0,0.75287294,161.0,128.0,0.7461715,150.0,128.0,0.5792959,195.0,130.0,0.8069665,185.0,125.0,0.587893,230.0,123.0,0.8340974,212.0,120.0,0.5448457
guy1_cobra045.jpg,232.0,95.0,0.8198543,233.0,90.0,0.72606325,227.0,89.0,0.7207742,224.0,89.0,0.76139534,213.0,89.0,0.8337532,218.0,107.0,0.68844867,185.0,104.0,0.77544767,202.0,127.0,0.43456224,157.0,129.0,0.7968562,213.0,145.0,0.849983,178.0,155.0,0.7442369,162.0,132.0,0.64281553,148.0,132.0,0.74595654,127.0,127.0,0.4131341,112.0,130.0,0.61536944,96.0,121.0,0.5600692,83.0,123.0,0.50386566
guy1_cobra045_flipped.jpg,68.0,94.0,0.7572032,73.0,88.0,0.8020814,67.0,89.0,0.7943957,88.0,87.0,0.9036733,75.0,89.0,0.6082306,117.0,104.0,0.5582299,82.0,110.0,0.752653,139.0,127.0,0.6763894,98.0,131.0,0.6286659,124.0,154.0,0.7304094,86.0,145.0,0.7610037,160.0,129.0,0.7752595,147.0,130.0,0.6299801,190.0,129.0,0.7524612,181.0,125.0,0.6343056,221.0,123.0,0.7848132,206.0,119.0,0.60670763
guy1_cobra047.jpg,231.0,95.0,0.69264174,231.0,89.0,0.5244416,225.0,89.0,0.68076205,224.0,88.0,0.55314934,211.0,88.0,0.8947435,219.0,109.0,0.6541494,183.0,104.0,0.6365447,201.0,127.0,0.61328626,156.0,130.0,0.71426564,213.0,147.0,0.8315464,176.0,156.0,0.8051815,161.0,135.0,0.66011834,147.0,135.0,0.7737078,131.0,127.0,0.3806158,115.0,128.0,0.44376835,107.0,121.0,0.34468448,88.0,122.0,0.43607882
guy1_cobra047_flipped.jpg,70.0,94.0,0.81853247,75.0,89.0,0.6719173,68.0,89.0,0.8350996,90.0,89.0,0.69703716,75.0,89.0,0.5621027,118.0,104.0,0.67207867,82.0,112.0,0.74260974,141.0,130.0,0.7064549,97.0,133.0,0.69389844,125.0,156.0,0.69456935,85.0,146.0,0.8150227,158.0,131.0,0.68369526,146.0,131.0,0.6626959,187.0,131.0,0.7385874,177.0,126.0,0.5034772,217.0,123.0,0.7846372,206.0,120.0,0.7248362
guy1_cobra048.jpg,230.0,95.0,0.72291756,230.0,89.0,0.5651575,224.0,90.0,0.540554,223.0,87.0,0.69863355,210.0,88.0,0.87467486,217.0,111.0,0.5698746,181.0,105.0,0.6868923,201.0,128.0,0.59051657,155.0,130.0,0.7522392,214.0,147.0,0.8841416,174.0,156.0,0.7967611,164.0,136.0,0.5896851,148.0,135.0,0.77285236,131.0,126.0,0.38956615,114.0,129.0,0.78956413,103.0,121.0,0.3820777,87.0,123.0,0.5256913
guy1_cobra048_flipped.jpg,70.0,94.0,0.8604026,76.0,89.0,0.6950269,70.0,89.0,0.64493686,91.0,89.0,0.72313035,77.0,88.0,0.58655757,120.0,104.0,0.5892265,84.0,110.0,0.64886653,143.0,128.0,0.5128039,99.0,130.0,0.697605,127.0,157.0,0.8846747,85.0,148.0,0.882569,154.0,133.0,0.6977974,139.0,133.0,0.6184189,186.0,131.0,0.75551355,174.0,130.0,0.47242296,213.0,124.0,0.60546875,198.0,122.0,0.622162
guy1_cobra050.jpg,225.0,95.0,0.84432936,226.0,88.0,0.6111766,220.0,88.0,0.809668,220.0,89.0,0.5253757,204.0,88.0,0.7077764,216.0,109.0,0.555374,176.0,104.0,0.60258144,200.0,127.0,0.5827719,152.0,131.0,0.7169169,213.0,149.0,0.85929936,170.0,157.0,0.67103577,162.0,136.0,0.51662725,146.0,134.0,0.77197814,128.0,128.0,0.45474818,115.0,131.0,0.8222981,101.0,120.0,0.53550386,89.0,122.0,0.5703925
guy1_cobra050_flipped.jpg,75.0,94.0,0.5427568,80.0,88.0,0.8570201,74.0,88.0,0.8201954,96.0,89.0,0.8396679,80.0,89.0,0.7545923,125.0,106.0,0.7218256,85.0,109.0,0.7692387,147.0,129.0,0.59844536,100.0,130.0,0.7559966,131.0,158.0,0.88896203,87.0,150.0,0.89965034,156.0,133.0,0.750736,141.0,134.0,0.547228,187.0,131.0,0.8416781,174.0,127.0,0.5242725,214.0,124.0,0.65580404,197.0,121.0,0.5995046
guy1_cobra053.jpg,216.0,94.0,0.66167605,218.0,88.0,0.7213344,210.0,88.0,0.61407495,213.0,88.0,0.6233418,195.0,87.0,0.536085,209.0,110.0,0.6805872,169.0,105.0,0.6717888,194.0,128.0,0.7319182,144.0,131.0,0.5826555,208.0,150.0,0.8755908,161.0,159.0,0.7595171,158.0,138.0,0.59326386,143.0,137.0,0.67114395,132.0,127.0,0.6804868,114.0,132.0,0.81160635,109.0,119.0,0.4959696,91.0,122.0,0.8167499
guy1_cobra053_flipped.jpg,84.0,94.0,0.7051184,90.0,88.0,0.5842002,82.0,88.0,0.8167255,106.0,88.0,0.78272456,88.0,89.0,0.73491,132.0,107.0,0.59300745,92.0,110.0,0.6014577,155.0,131.0,0.76456463,104.0,131.0,0.8020979,139.0,160.0,0.84470063,91.0,151.0,0.89683723,163.0,134.0,0.72187376,145.0,133.0,0.6332139,187.0,131.0,0.8271046,176.0,126.0,0.48690182,212.0,124.0,0.8452735,197.0,120.0,0.5962209
guy1_cobra057.jpg,200.0,93.0,0.601432,203.0,87.0,0.53977877,194.0,87.0,0.55149376,199.0,87.0,0.6239965,180.0,87.0,0.80863386,197.0,107.0,0.7914582,154.0,104.0,0.74995905,185.0,130.0,0.71895665,134.0,131.0,0.81947494,200.0,152.0,0.7253474,147.0,158.0,0.7943898,158.0,144.0,0.65888906,139.0,142.0,0.7417449,133.0,129.0,0.7632919,115.0,134.0,0.66873485,114.0,120.0,0.5687756,96.0,123.0,0.7019973
guy1_cobra057_flipped.jpg,99.0,93.0,0.8486599,105.0,86.0,0.87149465,97.0,87.0,0.8205948,121.0,86.0,0.8803563,102.0,87.0,0.6206939,146.0,106.0,0.7504659,101.0,105.0,0.74174404,167.0,130.0,0.8076835,112.0,131.0,0.70754534,154.0,158.0,0.7832969,99.0,151.0,0.9327751,165.0,138.0,0.705212,143.0,138.0,0.571841,189.0,130.0,0.8547279,169.0,128.0,0.6864614,208.0,122.0,0.58094835,186.0,118.0,0.67313564
guy1_cobra058.jpg,196.0,93.0,0.80372715,198.0,87.0,0.8212711,190.0,87.0,0.7334754,195.0,87.0,0.7094897,176.0,87.0,0.8155189,194.0,106.0,0.82460964,152.0,103.0,0.73237455,184.0,130.0,0.7359713,132.0,131.0,0.7793243,198.0,152.0,0.71041834,142.0,158.0,0.8375639,158.0,143.0,0.70800745,137.0,141.0,0.728824,132.0,128.0,0.71343106,114.0,133.0,0.7703872,115.0,119.0,0.5498741,97.0,120.0,0.721894
guy1_cobra058_flipped.jpg,104.0,93.0,0.7519642,110.0,87.0,0.77359736,102.0,87.0,0.8579806,124.0,87.0,0.7466186,105.0,87.0,0.82189876,149.0,105.0,0.79747087,104.0,106.0,0.80603504,169.0,131.0,0.74476457,113.0,130.0,0.77922845,157.0,158.0,0.90773016,101.0,152.0,0.9354032,166.0,139.0,0.6380639,144.0,141.0,0.5919552,187.0,129.0,0.77764714,169.0,128.0,0.6258158,205.0,120.0,0.82712156,186.0,118.0,0.5437607
guy1_cobra060.jpg,187.0,93.0,0.59303385,190.0,86.0,0.6436037,181.0,86.0,0.794318,188.0,86.0,0.7264276,168.0,86.0,0.7922864,190.0,104.0,0.84762526,146.0,103.0,0.6763356,182.0,129.0,0.6118243,127.0,130.0,0.69086486,193.0,151.0,0.88177997,136.0,157.0,0.94476444,155.0,143.0,0.68627924,134.0,141.0,0.6723578,128.0,126.0,0.6368828,113.0,131.0,0.72929525,117.0,118.0,0.6301612,97.0,120.0,0.75980234
guy1_cobra060_flipped.jpg,113.0,93.0,0.76597315,119.0,86.0,0.8716836,111.0,86.0,0.77336377,133.0,86.0,0.8053577,113.0,87.0,0.7385162,157.0,103.0,0.80258375,111.0,104.0,0.64905465,175.0,129.0,0.7831615,118.0,131.0,0.7069665,165.0,159.0,0.8531407,108.0,151.0,0.83395314,169.0,142.0,0.6583346,147.0,142.0,0.60146874,188.0,127.0,0.74689794,173.0,128.0,0.66874707,202.0,118.0,0.86524475,186.0,115.0,0.69669485
guy1_cobra066.jpg,164.0,91.0,0.79302067,167.0,85.0,0.89266753,158.0,85.0,0.80622107,169.0,84.0,0.7532871,147.0,84.0,0.83807063,176.0,99.0,0.8638469,127.0,100.0,0.6765624,173.0,126.0,0.6959176,118.0,127.0,0.48906717,181.0,150.0,0.8266038,120.0,153.0,0.8310386,154.0,144.0,0.7869629,129.0,144.0,0.7349844,133.0,130.0,0.294509,117.0,127.0,0.37067214,125.0,115.0,0.22722967,109.0,115.0,0.50511914
guy1_cobra066_flipped.jpg,136.0,91.0,0.7808983,142.0,84.0,0.8467978,133.0,84.0,0.9126388,152.0,84.0,0.8834336,132.0,84.0,0.8033262,172.0,101.0,0.6091635,124.0,100.0,0.86295784,184.0,126.0,0.56501144,127.0,123.0,0.57316536,180.0,152.0,0.672613,119.0,149.0,0.88767666,168.0,145.0,0.87437624,145.0,144.0,0.8297915,183.0,126.0,0.7319282,161.0,129.0,0.5734403,190.0,116.0,0.56448424,168.0,117.0,0.17206824
guy1_cobra069.jpg,156.0,88.0,0.82052135,160.0,82.0,0.62224674,151.0,83.0,0.8042262,163.0,82.0,0.72429293,141.0,82.0,0.5900909,174.0,99.0,0.82326424,124.0,98.0,0.803482,173.0,125.0,0.7499708,117.0,123.0,0.7787528,178.0,148.0,0.8294693,117.0,149.0,0.89859056,155.0,142.0,0.7958856,130.0,141.0,0.8148298,145.0,133.0,0.23010351,126.0,135.0,0.31108108,140.0,125.0,0.3489298,128.0,125.0,0.2522691
guy1_cobra069_flipped.jpg,144.0,89.0,0.79751766,149.0,83.0,0.82951987,139.0,83.0,0.55134344,158.0,82.0,0.6181232,136.0,82.0,0.7661483,176.0,98.0,0.6985743,127.0,99.0,0.84749556,183.0,124.0,0.9117567,127.0,125.0,0.5099355,182.0,149.0,0.6977526,122.0,148.0,0.8424648,168.0,142.0,0.8292115,144.0,141.0,0.78072906,175.0,137.0,0.39944655,148.0,134.0,0.42787042,179.0,124.0,0.14999717,155.0,121.0,0.16859646
guy1_cobra075.jpg,150.0,86.0,0.7947933,155.0,81.0,0.7746638,145.0,81.0,0.83310723,161.0,79.0,0.7997177,138.0,79.0,0.7718407,175.0,96.0,0.7397965,125.0,96.0,0.7249652,177.0,122.0,0.78756934,122.0,121.0,0.48729086,179.0,145.0,0.81769526,118.0,145.0,0.91179985,162.0,137.0,0.8710004,136.0,137.0,0.8573428,162.0,130.0,0.39458543,135.0,131.0,0.58061343,160.0,119.0,0.31490013,138.0,121.0,0.36940292
guy1_cobra075_flipped.jpg,150.0,87.0,0.687738,155.0,81.0,0.7574974,145.0,81.0,0.86377084,162.0,79.0,0.7136522,139.0,79.0,0.72190773,175.0,96.0,0.9175078,125.0,97.0,0.84314144,178.0,123.0,0.8385854,123.0,123.0,0.71426237,181.0,146.0,0.6286032,121.0,145.0,0.7890567,163.0,140.0,0.856474,137.0,140.0,0.8511484,166.0,133.0,0.5923447,138.0,132.0,0.5348064,166.0,122.0,0.32210484,140.0,119.0,0.28468263
guy1_cobra077.jpg,151.0,87.0,0.8024175,155.0,81.0,0.72307104,146.0,81.0,0.7595129,162.0,79.0,0.67731583,140.0,80.0,0.749645,177.0,96.0,0.78114843,127.0,96.0,0.8240384,180.0,124.0,0.8205341,125.0,122.0,0.7213321,181.0,145.0,0.717219,121.0,145.0,0.85050625,166.0,136.0,0.8930475,140.0,136.0,0.8788038,167.0,130.0,0.50695586,140.0,129.0,0.542827,167.0,118.0,0.28163412,142.0,118.0,0.25269482
guy1_cobra077_flipped.jpg,149.0,86.0,0.8093214,154.0,80.0,0.8982707,144.0,80.0,0.7985435,160.0,79.0,0.76058984,138.0,79.0,0.72270536,173.0,95.0,0.93130744,122.0,96.0,0.770875,173.0,121.0,0.80485195,120.0,122.0,0.69760406,178.0,144.0,0.64425135,117.0,144.0,0.84444815,158.0,140.0,0.81795883,132.0,140.0,0.8551318,159.0,132.0,0.4910012,131.0,133.0,0.45461246,152.0,120.0,0.25240016,134.0,119.0,0.29197097
guy1_cobra078.jpg,152.0,86.0,0.8048375,156.0,80.0,0.760331,147.0,80.0,0.71418643,163.0,78.0,0.818514,141.0,79.0,0.8382536,178.0,96.0,0.7266109,129.0,95.0,0.808091,182.0,121.0,0.8480903,128.0,121.0,0.7869657,183.0,145.0,0.78971595,122.0,145.0,0.7610575,167.0,136.0,0.8393062,142.0,136.0,0.8656356,168.0,130.0,0.54542077,142.0,131.0,0.51049846,168.0,120.0,0.28611204,146.0,121.0,0.30143577
guy1_cobra078_flipped.jpg,148.0,86.0,0.8163368,153.0,80.0,0.9150139,143.0,80.0,0.77557445,158.0,79.0,0.69869584,137.0,79.0,0.7604922,171.0,96.0,0.9328536,121.0,97.0,0.75469065,171.0,121.0,0.75666034,118.0,121.0,0.55036867,177.0,145.0,0.67111844,116.0,144.0,0.84336716,156.0,139.0,0.752035,130.0,140.0,0.83056206,157.0,132.0,0.38341922,129.0,131.0,0.5348083,150.0,118.0,0.23754576,130.0,116.0,0.29576185
guy1_cobra079.jpg,152.0,86.0,0.7972664,158.0,80.0,0.7364832,148.0,80.0,0.7728622,165.0,79.0,0.81525785,142.0,79.0,0.81977177,180.0,97.0,0.8757106,131.0,95.0,0.8216372,185.0,123.0,0.75650436,130.0,121.0,0.68940747,185.0,145.0,0.8066348,124.0,145.0,0.795955,170.0,137.0,0.884231,145.0,136.0,0.85603935,171.0,130.0,0.5461348,145.0,131.0,0.49536753,172.0,120.0,0.27171063,148.0,119.0,0.22921145
guy1_cobra079_flipped.jpg,147.0,86.0,0.6438665,151.0,80.0,0.7049384,142.0,80.0,0.77917266,158.0,79.0,0.80026835,136.0,79.0,0.72675943,170.0,95.0,0.92793995,119.0,97.0,0.7900214,169.0,121.0,0.827471,115.0,122.0,0.6240318,176.0,145.0,0.79852307,114.0,145.0,0.6082927,154.0,139.0,0.79872245,128.0,140.0,0.8639517,155.0,130.0,0.4163977,126.0,130.0,0.51105237,148.0,116.0,0.2255765,128.0,115.0,0.31632867
guy1_cobra080.jpg,153.0,87.0,0.76476455,159.0,81.0,0.66958207,149.0,81.0,0.7758306,166.0,79.0,0.71035874,144.0,79.0,0.74192905,182.0,97.0,0.7247962,132.0,96.0,0.7012222,187.0,123.0,0.8183822,132.0,122.0,0.7155318,187.0,145.0,0.80823505,126.0,145.0,0.90678185,172.0,137.0,0.88865894,147.0,137.0,0.7440363,175.0,129.0,0.5828191,147.0,130.0,0.3952058,180.0,118.0,0.19456619,153.0,115.0,0.14997123
guy1_cobra080_flipped.jpg,146.0,87.0,0.6882076,151.0,81.0,0.8372366,141.0,81.0,0.6273829,156.0,80.0,0.7799704,134.0,80.0,0.8289225,168.0,95.0,0.87913954,117.0,97.0,0.6083107,168.0,121.0,0.8413876,113.0,123.0,0.73105764,173.0,145.0,0.7339097,112.0,145.0,0.5879744,152.0,140.0,0.81716955,126.0,140.0,0.82118005,149.0,132.0,0.24619761,121.0,130.0,0.27695185,142.0,118.0,0.27366722,123.0,117.0,0.23377101
guy1_cobra087.jpg,160.0,86.0,0.7439961,165.0,80.0,0.634104,156.0,80.0,0.7067066,175.0,80.0,0.7147268,153.0,79.0,0.7126937,195.0,97.0,0.51719445,146.0,96.0,0.82175833,206.0,124.0,0.6412344,148.0,121.0,0.6487615,201.0,149.0,0.85948014,139.0,147.0,0.8029474,189.0,140.0,0.6650213,165.0,139.0,0.73771363,204.0,122.0,0.49026015,180.0,122.0,0.26003549,208.0,113.0,0.6026455,191.0,114.0,0.13305098
guy1_cobra087_flipped.jpg,140.0,86.0,0.7355796,144.0,80.0,0.6484318,135.0,81.0,0.76003,147.0,80.0,0.6162604,125.0,80.0,0.7058029,155.0,94.0,0.8398657,106.0,96.0,0.44295987,153.0,121.0,0.74212646,94.0,122.0,0.6476337,162.0,148.0,0.68838847,98.0,150.0,0.58516705,129.0,141.0,0.72776544,105.0,140.0,0.6310164,103.0,123.0,0.26845586,93.0,121.0,0.24040969,98.0,110.0,0.3735547,90.0,113.0,0.36426923
guy1_cobra088.jpg,161.0,87.0,0.7376081,166.0,80.0,0.68345547,157.0,80.0,0.8918038,177.0,79.0,0.58435667,155.0,79.0,0.54494584,197.0,97.0,0.52732986,147.0,96.0,0.86099637,208.0,125.0,0.6336118,150.0,122.0,0.6011406,203.0,151.0,0.895403,140.0,148.0,0.8820173,193.0,141.0,0.63615596,168.0,141.0,0.6907176,208.0,123.0,0.6008343,186.0,123.0,0.42633936,214.0,114.0,0.6237038,195.0,113.0,0.17746185
guy1_cobra088_flipped.jpg,140.0,86.0,0.7370846,144.0,80.0,0.8422545,134.0,81.0,0.7987284,145.0,80.0,0.69181836,124.0,81.0,0.7878299,153.0,93.0,0.9102938,103.0,97.0,0.6002764,150.0,121.0,0.7028623,93.0,124.0,0.61564076,161.0,148.0,0.7434983,98.0,151.0,0.82210684,127.0,141.0,0.69257724,103.0,139.0,0.6978369,99.0,121.0,0.4543412,90.0,122.0,0.47274852,96.0,113.0,0.39401367,85.0,115.0,0.43984246
guy1_cobra089.jpg,160.0,87.0,0.7600203,166.0,81.0,0.8072491,156.0,80.0,0.89256155,176.0,80.0,0.7139877,154.0,80.0,0.57429475,197.0,98.0,0.5637064,148.0,96.0,0.80724126,211.0,125.0,0.5091512,152.0,123.0,0.75331044,204.0,152.0,0.9141429,141.0,148.0,0.8060538,198.0,140.0,0.66024756,172.0,141.0,0.6630583,212.0,123.0,0.8120885,191.0,121.0,0.35752273,217.0,113.0,0.68345606,209.0,113.0,0.3194616
guy1_cobra089_flipped.jpg,140.0,87.0,0.80869985,143.0,81.0,0.86006767,134.0,81.0,0.8563945,145.0,81.0,0.7837236,123.0,81.0,0.77303374,152.0,94.0,0.8952743,103.0,97.0,0.44697812,150.0,122.0,0.56515455,89.0,125.0,0.6640303,159.0,148.0,0.70516026,96.0,152.0,0.72375304,126.0,142.0,0.6877846,100.0,140.0,0.69754744,96.0,122.0,0.5144242,86.0,123.0,0.6093861,92.0,112.0,0.4078079,80.0,112.0,0.6176719
guy1_cobra090.jpg,161.0,87.0,0.7372265,167.0,81.0,0.6978704,157.0,81.0,0.8621665,178.0,80.0,0.8432165,155.0,81.0,0.6238945,200.0,97.0,0.6878381,150.0,96.0,0.8003794,213.0,128.0,0.6775931,154.0,124.0,0.66853225,205.0,154.0,0.87286365,142.0,149.0,0.83493376,199.0,141.0,0.73692024,174.0,141.0,0.6480553,213.0,126.0,0.7826773,193.0,124.0,0.45375738,223.0,115.0,0.6420497,208.0,113.0,0.17034717
guy1_cobra090_flipped.jpg,140.0,87.0,0.8118925,143.0,81.0,0.87226367,133.0,82.0,0.84077156,143.0,81.0,0.6999428,123.0,82.0,0.78114796,150.0,94.0,0.8577482,101.0,97.0,0.45148998,148.0,122.0,0.6293571,88.0,125.0,0.78403264,158.0,149.0,0.719294,95.0,152.0,0.82004434,123.0,142.0,0.6952666,97.0,140.0,0.67840993,93.0,123.0,0.46244133,83.0,125.0,0.6737308,88.0,114.0,0.40243414,75.0,113.0,0.5752176
guy1_cobra091.jpg,160.0,87.0,0.7422681,166.0,81.0,0.8303562,156.0,80.0,0.7935189,177.0,80.0,0.765171,155.0,80.0,0.481994,199.0,98.0,0.78838915,151.0,96.0,0.6379037,213.0,127.0,0.57802343,156.0,123.0,0.69351643,206.0,153.0,0.78062296,144.0,149.0,0.6379336,202.0,141.0,0.69026387,176.0,143.0,0.6567303,215.0,125.0,0.66682494,198.0,122.0,0.32233423,225.0,115.0,0.69557816,219.0,115.0,0.4070042
guy1_cobra091_flipped.jpg,139.0,87.0,0.78635025,142.0,82.0,0.7553879,133.0,82.0,0.84940517,144.0,82.0,0.7168894,122.0,82.0,0.77807164,149.0,95.0,0.9057494,101.0,97.0,0.55340743,146.0,123.0,0.6810635,85.0,127.0,0.7038702,156.0,148.0,0.86698985,95.0,154.0,0.7362572,121.0,143.0,0.6933402,94.0,142.0,0.7025589,90.0,125.0,0.5000005,79.0,126.0,0.5493716,86.0,113.0,0.37453923,72.0,112.0,0.7393825
guy1_cobra101.jpg,145.0,89.0,0.81911796,151.0,82.0,0.66175735,141.0,82.0,0.7603421,167.0,83.0,0.70169145,144.0,82.0,0.45724943,196.0,104.0,0.7807384,147.0,104.0,0.66043806,219.0,135.0,0.7642296,159.0,131.0,0.8246038,201.0,164.0,0.80323374,144.0,153.0,0.915594,221.0,143.0,0.69446063,200.0,141.0,0.5903639,244.0,132.0,0.74381906,225.0,131.0,0.52215624,264.0,122.0,0.8254226,245.0,121.0,0.4365799
guy1_cobra101_flipped.jpg,155.0,88.0,0.72758305,158.0,82.0,0.7224585,148.0,82.0,0.61517394,154.0,82.0,0.7179543,133.0,82.0,0.77308136,152.0,103.0,0.83075124,103.0,101.0,0.76298785,140.0,129.0,0.8471546,81.0,132.0,0.7588293,156.0,154.0,0.707659,98.0,161.0,0.83821785,107.0,143.0,0.6683902,84.0,142.0,0.7026515,77.0,128.0,0.7611635,56.0,132.0,0.68125296,54.0,117.0,0.7482672,36.0,120.0,0.7355068
guy1_cobra110.jpg,108.0,96.0,0.7909188,114.0,89.0,0.74241674,107.0,89.0,0.538555,131.0,88.0,0.66162384,113.0,89.0,0.55539525,166.0,108.0,0.73804814,122.0,111.0,0.66405976,194.0,138.0,0.54469633,140.0,137.0,0.6763052,175.0,167.0,0.78324914,127.0,156.0,0.7913889,212.0,138.0,0.60629034,194.0,137.0,0.43078372,247.0,136.0,0.54989105,231.0,131.0,0.4966709,280.0,128.0,0.8593991,263.0,123.0,0.63025177
guy1_cobra110_flipped.jpg,192.0,95.0,0.620921,193.0,88.0,0.81631124,185.0,88.0,0.7916618,184.0,88.0,0.68782496,168.0,87.0,0.75310934,180.0,111.0,0.70914316,130.0,106.0,0.7279682,159.0,133.0,0.69965863,100.0,135.0,0.70816255,172.0,156.0,0.8579297,124.0,166.0,0.87084883,107.0,137.0,0.69266784,90.0,139.0,0.74991846,73.0,129.0,0.50004435,53.0,137.0,0.77910435,38.0,122.0,0.6589787,21.0,125.0,0.8135353
guy1_cobra112.jpg,97.0,98.0,0.55702066,103.0,92.0,0.65355563,97.0,92.0,0.7267653,120.0,92.0,0.7286016,107.0,91.0,0.530812,158.0,110.0,0.6981784,116.0,112.0,0.54117584,190.0,136.0,0.5464289,137.0,137.0,0.56908464,168.0,167.0,0.84185237,123.0,155.0,0.8460467,207.0,138.0,0.6741904,190.0,137.0,0.5266279,246.0,137.0,0.5797178,226.0,133.0,0.5395998,282.0,128.0,0.8532218,261.0,123.0,0.64155173
guy1_cobra112_flipped.jpg,202.0,98.0,0.55625844,202.0,91.0,0.7356032,195.0,92.0,0.8144351,192.0,91.0,0.70309657,177.0,92.0,0.6703079,186.0,112.0,0.7111305,138.0,108.0,0.7472116,168.0,133.0,0.585165,107.0,136.0,0.7356632,177.0,155.0,0.8112458,132.0,167.0,0.7218261,114.0,138.0,0.49825266,96.0,136.0,0.7074771,74.0,134.0,0.46243742,56.0,137.0,0.6550358,37.0,124.0,0.5445497,23.0,126.0,0.4774313
guy1_cobra115.jpg,82.0,103.0,0.71179473,89.0,96.0,0.7467077,82.0,96.0,0.8195095,106.0,96.0,0.7729932,93.0,95.0,0.60687625,143.0,112.0,0.7546954,104.0,114.0,0.6816882,178.0,136.0,0.6519947,129.0,137.0,0.5000353,157.0,166.0,0.9123257,116.0,152.0,0.90314305,196.0,138.0,0.6759388,180.0,139.0,0.54473567,236.0,139.0,0.7674124,218.0,136.0,0.46137407,281.0,130.0,0.6405517,263.0,124.0,0.6007472
guy1_cobra115_flipped.jpg,217.0,102.0,0.629339,218.0,95.0,0.85767174,210.0,96.0,0.74805135,208.0,95.0,0.62213135,193.0,96.0,0.72567016,197.0,114.0,0.6635965,160.0,109.0,0.7855531,174.0,135.0,0.4087511,118.0,135.0,0.80580354,185.0,154.0,0.8322447,143.0,166.0,0.93559974,125.0,135.0,0.65062964,112.0,138.0,0.6144763,81.0,133.0,0.42523345,64.0,140.0,0.8232291,36.0,125.0,0.7014375,21.0,129.0,0.7936867
guy1_cobra123.jpg,49.0,112.0,0.51205146,53.0,107.0,0.5992853,49.0,106.0,0.49264303,71.0,106.0,0.7509795,62.0,107.0,0.22740626,104.0,115.0,0.5491582,84.0,117.0,0.54026985,151.0,134.0,0.5903429,104.0,137.0,0.3916642,128.0,162.0,0.891178,93.0,149.0,0.72138816,167.0,139.0,0.7239336,159.0,136.0,0.62012076,228.0,139.0,0.6956434,214.0,130.0,0.6468243,277.0,129.0,0.7465416,263.0,123.0,0.62705296
guy1_cobra123_flipped.jpg,250.0,113.0,0.6578738,248.0,106.0,0.4818048,246.0,107.0,0.6162281,234.0,105.0,0.68364966,230.0,105.0,0.7035924,213.0,118.0,0.62230426,198.0,114.0,0.8785891,195.0,126.0,0.332164,148.0,129.0,0.6623383,203.0,148.0,0.55028975,171.0,161.0,0.80118835,141.0,136.0,0.58976614,135.0,139.0,0.75746834,83.0,130.0,0.5310639,75.0,141.0,0.7473085,34.0,127.0,0.7085259,23.0,131.0,0.76086235
guy1_cobra124.jpg,45.0,114.0,0.6873021,48.0,109.0,0.71109474,46.0,108.0,0.65859616,65.0,107.0,0.7004918,60.0,108.0,0.47067043,98.0,115.0,0.6886264,83.0,117.0,0.67939234,149.0,131.0,0.54249245,104.0,134.0,0.39971387,124.0,162.0,0.8289088,90.0,149.0,0.7019609,164.0,138.0,0.74373674,158.0,133.0,0.65239275,226.0,139.0,0.7089735,214.0,130.0,0.5985341,276.0,130.0,0.80541396,264.0,124.0,0.65694237
guy1_cobra124_flipped.jpg,252.0,115.0,0.6879778,251.0,108.0,0.7341019,248.0,108.0,0.6262729,237.0,106.0,0.70672065,232.0,106.0,0.83261156,217.0,118.0,0.743358,202.0,114.0,0.8679361,197.0,125.0,0.35021862,152.0,130.0,0.6125762,207.0,148.0,0.60803837,175.0,161.0,0.85274523,142.0,133.0,0.69398,135.0,136.0,0.7924351,83.0,129.0,0.5511661,76.0,139.0,0.74603593,35.0,126.0,0.71998376,22.0,131.0,0.82941675
guy1_cobra126.jpg,42.0,116.0,0.5606544,44.0,110.0,0.7401106,43.0,110.0,0.78158534,60.0,108.0,0.5373137,56.0,108.0,0.57221866,94.0,116.0,0.6037148,80.0,115.0,0.71953005,144.0,131.0,0.7293488,104.0,126.0,0.2243384,119.0,160.0,0.7951081,89.0,148.0,0.59785175,162.0,138.0,0.7568806,157.0,133.0,0.6533182,224.0,137.0,0.48512828,213.0,128.0,0.7339602,274.0,131.0,0.7442863,261.0,125.0,0.5965272
guy1_cobra126_flipped.jpg,259.0,117.0,0.6355969,256.0,111.0,0.7907159,256.0,111.0,0.7322866,241.0,108.0,0.5026144,240.0,109.0,0.7203709,219.0,119.0,0.71106946,206.0,114.0,0.7469659,196.0,123.0,0.27500382,157.0,130.0,0.48992333,203.0,145.0,0.4024364,182.0,159.0,0.8004946,144.0,130.0,0.78462225,137.0,134.0,0.8100002,81.0,130.0,0.676137,74.0,138.0,0.58662486,32.0,127.0,0.72718036,27.0,130.0,0.7668705
guy1_cobra127.jpg,39.0,117.0,0.6774337,41.0,112.0,0.5158423,40.0,111.0,0.49721634,56.0,108.0,0.7197331,53.0,109.0,0.63392526,92.0,115.0,0.85007566,79.0,116.0,0.651218,140.0,129.0,0.68971246,104.0,124.0,0.20610084,115.0,159.0,0.7198057,89.0,147.0,0.58795714,162.0,137.0,0.71520907,156.0,133.0,0.64207083,222.0,137.0,0.5946516,212.0,128.0,0.6928433,272.0,131.0,0.7744411,262.0,125.0,0.60938025
guy1_cobra127_flipped.jpg,258.0,118.0,0.6586735,257.0,111.0,0.4964626,256.0,112.0,0.6224612,243.0,108.0,0.686725,242.0,109.0,0.8183386,220.0,118.0,0.7283526,208.0,115.0,0.77101815,195.0,120.0,0.2581497,158.0,129.0,0.62683153,209.0,147.0,0.44406447,184.0,159.0,0.77696735,144.0,133.0,0.67522013,138.0,136.0,0.8064257,82.0,128.0,0.6181859,76.0,138.0,0.6517943,35.0,126.0,0.61826646,25.0,131.0,0.8297487
guy1_cobra130.jpg,35.0,121.0,0.74611175,37.0,115.0,0.6485172,36.0,114.0,0.6616472,52.0,112.0,0.8361999,51.0,112.0,0.644576,84.0,116.0,0.7808392,79.0,118.0,0.77035105,134.0,126.0,0.50488937,114.0,119.0,0.31837347,110.0,155.0,0.7284289,99.0,147.0,0.33513382,154.0,135.0,0.79758465,152.0,130.0,0.7329352,220.0,136.0,0.74584633,209.0,126.0,0.5649507,269.0,129.0,0.63406765,260.0,124.0,0.71238685
guy1_cobra130_flipped.jpg,264.0,123.0,0.72523916,262.0,116.0,0.6287087,262.0,116.0,0.6147729,250.0,110.0,0.6421547,249.0,111.0,0.7012948,221.0,117.0,0.69307274,217.0,117.0,0.68739146,185.0,117.0,0.24475126,164.0,125.0,0.6570077,197.0,148.0,0.34223393,191.0,156.0,0.8331317,147.0,128.0,0.7625185,143.0,134.0,0.7322103,82.0,128.0,0.7032048,79.0,136.0,0.5034085,35.0,126.0,0.72605693,29.0,129.0,0.8370889
guy1_cobra139.jpg,32.0,128.0,0.50577366,31.0,122.0,0.7345377,31.0,121.0,0.7591896,43.0,116.0,0.79575557,43.0,116.0,0.67774713,70.0,119.0,0.74251336,73.0,115.0,0.71613705,119.0,117.0,0.5212449,118.0,111.0,0.7341439,97.0,148.0,0.735088,98.0,140.0,0.35978776,141.0,129.0,0.7269257,141.0,124.0,0.73434854,209.0,132.0,0.7198305,203.0,124.0,0.70773625,265.0,128.0,0.6737206,258.0,122.0,0.626657
guy1_cobra139_flipped.jpg,267.0,130.0,0.54125273,268.0,123.0,0.62309325,268.0,124.0,0.702428,259.0,115.0,0.5263462,258.0,117.0,0.5622319,225.0,113.0,0.78050613,228.0,119.0,0.71838677,183.0,109.0,0.62584865,180.0,117.0,0.42637113,199.0,139.0,0.4336547,200.0,149.0,0.76856905,158.0,123.0,0.62412095,155.0,129.0,0.7461725,94.0,124.0,0.75088596,91.0,132.0,0.6462418,40.0,124.0,0.8194474,36.0,127.0,0.8815126
guy2_cobra027.jpg,248.0,153.0,0.53068614,248.0,147.0,0.42838144,247.0,148.0,0.6727803,235.0,142.0,0.2212001,229.0,144.0,0.48507658,206.0,136.0,0.5219055,193.0,151.0,0.3602721,188.0,133.0,0.16618824,144.0,166.0,0.5365564,201.0,170.0,0.25029388,171.0,199.0,0.65378183,123.0,144.0,0.5903308,113.0,155.0,0.46598577,72.0,149.0,0.33583862,60.0,161.0,0.42409134,16.0,143.0,0.5164913,7.0,147.0,0.33817002
guy2_cobra027_flipped.jpg,51.0,154.0,0.49717423,52.0,148.0,0.75231904,51.0,147.0,0.69850945,71.0,142.0,0.7429805,66.0,141.0,0.6968196,103.0,153.0,0.47799513,98.0,132.0,0.7055944,157.0,168.0,0.81610024,131.0,136.0,0.37344682,126.0,198.0,0.7249978,106.0,168.0,0.3451212,179.0,161.0,0.6550679,174.0,146.0,0.65042865,243.0,162.0,0.6653346,228.0,149.0,0.67866665,290.0,150.0,0.53745806,281.0,141.0,0.6653297
guy2_cobra030.jpg,247.0,156.0,0.45572087,247.0,150.0,0.22706196,245.0,151.0,0.60029584,233.0,145.0,0.20686825,228.0,148.0,0.75813115,199.0,138.0,0.708959,189.0,158.0,0.47106975,185.0,139.0,0.14433835,143.0,176.0,0.64686775,195.0,173.0,0.17583995,171.0,206.0,0.36594212,122.0,151.0,0.70487654,111.0,164.0,0.58538646,73.0,152.0,0.5963429,58.0,167.0,0.38103107,15.0,143.0,0.47248635,8.0,149.0,0.5370462
guy2_cobra030_flipped.jpg,52.0,157.0,0.6586097,54.0,151.0,0.71751547,52.0,150.0,0.65603137,73.0,147.0,0.85843444,68.0,145.0,0.61742616,106.0,159.0,0.5842329,98.0,136.0,0.8179988,159.0,176.0,0.85300195,133.0,140.0,0.30917543,127.0,206.0,0.7053488,109.0,165.0,0.30327725,184.0,166.0,0.67110467,175.0,150.0,0.6212522,247.0,165.0,0.71708214,225.0,152.0,0.41795093,290.0,148.0,0.48655397,284.0,143.0,0.5385022
guy2_cobra034_flipped.jpg,55.0,162.0,0.5992853,56.0,156.0,0.71478903,56.0,155.0,0.54253685,74.0,153.0,0.7217571,71.0,150.0,0.49401933,110.0,167.0,0.67817277,102.0,139.0,0.8533635,158.0,187.0,0.8261297,141.0,147.0,0.6406425,126.0,215.0,0.8664663,123.0,167.0,0.41781124,184.0,174.0,0.6484312,178.0,158.0,0.82625824,240.0,163.0,0.45186386,226.0,158.0,0.6249544,289.0,148.0,0.7320215,284.0,149.0,0.5379982
guy2_cobra036.jpg,245.0,159.0,0.31985572,245.0,155.0,0.30535254,243.0,156.0,0.4650105,229.0,151.0,0.16771068,226.0,155.0,0.6463067,202.0,144.0,0.5421284,189.0,169.0,0.33894873,185.0,141.0,0.13157268,146.0,192.0,0.7552439,190.0,172.0,0.2627103,176.0,219.0,0.74941075,127.0,160.0,0.722585,120.0,174.0,0.7434525,72.0,156.0,0.7803979,58.0,171.0,0.47133708,14.0,148.0,0.60779786,12.0,149.0,0.63139296
guy2_cobra036_flipped.jpg,59.0,166.0,0.5041219,59.0,161.0,0.45958105,58.0,159.0,0.5021194,76.0,157.0,0.7187425,72.0,152.0,0.60378695,111.0,172.0,0.69454837,103.0,138.0,0.6059933,157.0,193.0,0.8122123,138.0,148.0,0.6568996,122.0,220.0,0.9135669,122.0,170.0,0.25059506,180.0,176.0,0.7022414,171.0,158.0,0.76139057,237.0,169.0,0.48964423,222.0,159.0,0.68687844,288.0,150.0,0.78994787,241.0,152.0,0.14063095
guy2_cobra038.jpg,241.0,162.0,0.592786,241.0,157.0,0.47750413,239.0,158.0,0.43513325,226.0,154.0,0.27612245,223.0,158.0,0.53412104,202.0,146.0,0.5393425,187.0,176.0,0.5582633,159.0,154.0,0.3410648,146.0,195.0,0.74422586,180.0,174.0,0.29234406,176.0,220.0,0.774601,133.0,161.0,0.7760451,125.0,178.0,0.8177319,75.0,158.0,0.7094172,60.0,176.0,0.5798125,16.0,149.0,0.6264458,10.0,153.0,0.57739264
guy2_cobra038_flipped.jpg,62.0,166.0,0.4399846,61.0,162.0,0.66088533,60.0,160.0,0.62682986,77.0,159.0,0.56245315,72.0,153.0,0.6295376,110.0,173.0,0.7224566,104.0,140.0,0.7327981,155.0,196.0,0.7279531,138.0,151.0,0.54200846,122.0,222.0,0.77833617,126.0,171.0,0.2568255,178.0,177.0,0.7029072,169.0,160.0,0.7672453,241.0,176.0,0.58074844,225.0,160.0,0.6947942,285.0,150.0,0.41469732,281.0,150.0,0.60735023
guy2_cobra040.jpg,236.0,167.0,0.4197271,237.0,162.0,0.3071439,235.0,164.0,0.44452006,225.0,155.0,0.12342085,222.0,160.0,0.46941796,197.0,144.0,0.5299032,186.0,175.0,0.52342784,184.0,144.0,0.14180417,151.0,200.0,0.2987846,206.0,172.0,0.10864603,180.0,223.0,0.51056194,134.0,167.0,0.56592417,126.0,180.0,0.3302209,76.0,160.0,0.6352103,66.0,172.0,0.26537156,17.0,150.0,0.37877977,16.0,149.0,0.5516642
guy2_cobra040_flipped.jpg,63.0,167.0,0.46759066,62.0,164.0,0.6189375,62.0,161.0,0.63571584,76.0,161.0,0.5986578,72.0,153.0,0.47447094,110.0,176.0,0.65997994,104.0,141.0,0.77584165,153.0,198.0,0.8891805,138.0,152.0,0.7098532,120.0,222.0,0.9072165,121.0,172.0,0.29292753,174.0,179.0,0.6060506,165.0,162.0,0.7309358,233.0,173.0,0.17204285,223.0,162.0,0.48511538,283.0,151.0,0.56774974,281.0,151.0,0.5023769
guy2_cobra042_flipped.jpg,71.0,171.0,0.32406944,69.0,168.0,0.39460307,66.0,166.0,0.40777713,80.0,163.0,0.5615921,73.0,155.0,0.47508514,108.0,179.0,0.66430026,104.0,142.0,0.600212,151.0,200.0,0.8864679,137.0,154.0,0.6988936,119.0,223.0,0.8988588,127.0,169.0,0.3575773,169.0,180.0,0.5896566,164.0,163.0,0.77395755,234.0,177.0,0.5016295,220.0,161.0,0.62913203,283.0,152.0,0.42339042,280.0,150.0,0.591378
guy2_cobra043_flipped.jpg,71.0,170.0,0.363904,70.0,167.0,0.5679888,68.0,165.0,0.50362206,79.0,164.0,0.7056855,75.0,156.0,0.35452688,109.0,178.0,0.5531215,105.0,143.0,0.850217,150.0,201.0,0.81447214,136.0,153.0,0.72573036,118.0,222.0,0.8974305,128.0,168.0,0.33255383,166.0,181.0,0.43649217,162.0,163.0,0.742654,234.0,178.0,0.6172066,222.0,159.0,0.62757075,280.0,151.0,0.36763397,276.0,150.0,0.77245504
guy2_cobra047_flipped.jpg,77.0,171.0,0.48451927,77.0,169.0,0.5343026,73.0,169.0,0.41034788,84.0,161.0,0.52673614,75.0,160.0,0.4477111,104.0,176.0,0.37322408,103.0,143.0,0.8125786,146.0,200.0,0.8889725,134.0,152.0,0.7123693,115.0,220.0,0.8895851,124.0,166.0,0.24489191,162.0,179.0,0.31647632,158.0,163.0,0.51439774,230.0,176.0,0.5065031,217.0,155.0,0.41095337,270.0,149.0,0.2355547,266.0,147.0,0.73337746
guy2_cobra048.jpg,224.0,170.0,0.34693807,228.0,166.0,0.34826046,225.0,168.0,0.6170659,223.0,157.0,0.19244039,218.0,162.0,0.45677772,199.0,145.0,0.59517145,191.0,179.0,0.61330616,183.0,144.0,0.19450448,159.0,201.0,0.38661942,178.0,145.0,0.25108543,185.0,219.0,0.68525344,152.0,163.0,0.57187486,144.0,179.0,0.42374748,88.0,156.0,0.22008917,75.0,175.0,0.48358744,82.0,156.0,0.32612103,71.0,176.0,0.27267364
guy2_cobra048_flipped.jpg,74.0,171.0,0.4403245,73.0,169.0,0.5056647,71.0,167.0,0.3950292,81.0,164.0,0.54805994,77.0,156.0,0.33109444,103.0,177.0,0.38162604,101.0,144.0,0.78071797,145.0,199.0,0.7326424,132.0,151.0,0.6309539,115.0,217.0,0.8894776,122.0,166.0,0.21933651,162.0,179.0,0.39481708,158.0,159.0,0.5904292,224.0,175.0,0.5786572,215.0,154.0,0.4841019,268.0,146.0,0.22596389,264.0,145.0,0.6783782
guy2_cobra050.jpg,227.0,168.0,0.36487636,230.0,164.0,0.33846822,227.0,167.0,0.49723387,222.0,154.0,0.16819029,221.0,163.0,0.45538256,200.0,144.0,0.6399228,194.0,178.0,0.38273567,181.0,145.0,0.1943759,160.0,199.0,0.47555947,179.0,144.0,0.23973852,187.0,216.0,0.7049501,155.0,161.0,0.4313887,148.0,174.0,0.28958404,90.0,154.0,0.24282505,78.0,170.0,0.2277017,84.0,153.0,0.26385668,74.0,172.0,0.23811617
guy2_cobra050_flipped.jpg,78.0,171.0,0.52992094,78.0,168.0,0.7118819,74.0,168.0,0.5411844,85.0,156.0,0.6054441,76.0,158.0,0.34867314,105.0,177.0,0.47965842,101.0,142.0,0.833141,143.0,198.0,0.7806492,131.0,150.0,0.66765654,113.0,216.0,0.88473743,129.0,153.0,0.23886177,160.0,179.0,0.29079357,154.0,160.0,0.5863657,220.0,174.0,0.52784705,212.0,153.0,0.577647,264.0,146.0,0.1817568,262.0,143.0,0.66559386
guy2_cobra053_flipped.jpg,73.0,165.0,0.39910603,72.0,164.0,0.4717767,70.0,161.0,0.3079934,79.0,161.0,0.45819697,75.0,152.0,0.34900987,104.0,179.0,0.5304252,99.0,139.0,0.81689256,139.0,195.0,0.8993996,128.0,144.0,0.71564376,111.0,212.0,0.80631995,118.0,159.0,0.108648494,162.0,174.0,0.35136455,158.0,153.0,0.5874193,220.0,169.0,0.5939117,207.0,148.0,0.38368794,267.0,141.0,0.32415497,265.0,140.0,0.6142235
guy2_cobra055.jpg,230.0,163.0,0.26478085,232.0,159.0,0.24806505,231.0,162.0,0.39310032,223.0,146.0,0.264334,224.0,161.0,0.2216452,204.0,139.0,0.6890247,196.0,178.0,0.51440156,185.0,139.0,0.21271719,164.0,195.0,0.35323125,179.0,141.0,0.27996555,190.0,210.0,0.82186663,157.0,156.0,0.50793564,151.0,170.0,0.2713749,96.0,147.0,0.2929303,86.0,164.0,0.3441311,90.0,147.0,0.3372949,82.0,165.0,0.16191085
guy2_cobra055_flipped.jpg,70.0,161.0,0.35082772,68.0,162.0,0.47270054,67.0,157.0,0.3260319,74.0,164.0,0.46610302,73.0,147.0,0.53040886,101.0,177.0,0.5418635,97.0,137.0,0.8391374,139.0,193.0,0.7565012,124.0,140.0,0.48798215,111.0,210.0,0.8791158,125.0,145.0,0.5570394,157.0,172.0,0.4831914,153.0,151.0,0.520581,217.0,167.0,0.7036953,206.0,145.0,0.63646775,263.0,139.0,0.3404737,259.0,138.0,0.7700124
guy2_cobra065_flipped.jpg,65.0,165.0,0.44007632,64.0,166.0,0.42793924,63.0,160.0,0.57285976,71.0,166.0,0.4689486,67.0,151.0,0.58589685,98.0,177.0,0.7023604,89.0,138.0,0.7568469,138.0,191.0,0.8745643,120.0,140.0,0.5610336,109.0,208.0,0.83718807,107.0,148.0,0.2594893,156.0,165.0,0.63989055,148.0,147.0,0.741172,214.0,160.0,0.6834161,199.0,138.0,0.57036024,264.0,144.0,0.4082254,254.0,128.0,0.75484335
guy2_cobra075.jpg,229.0,184.0,0.33426803,233.0,181.0,0.3081221,230.0,181.0,0.42278743,230.0,173.0,0.1888832,223.0,175.0,0.2644628,211.0,151.0,0.5653634,193.0,187.0,0.33531308,194.0,145.0,0.289489,153.0,201.0,0.6328727,194.0,165.0,0.11278081,180.0,227.0,0.73824793,154.0,158.0,0.6280354,139.0,171.0,0.6053525,92.0,136.0,0.83622265,73.0,152.0,0.44182107,37.0,114.0,0.64962244,31.0,116.0,0.34852898
guy2_cobra077_flipped.jpg,61.0,185.0,0.41747645,62.0,183.0,0.4892652,58.0,182.0,0.4404542,76.0,174.0,0.6507157,68.0,171.0,0.32731608,106.0,185.0,0.4881791,88.0,149.0,0.56623566,151.0,200.0,0.7460371,117.0,141.0,0.28111947,120.0,229.0,0.6446915,104.0,158.0,0.121823646,166.0,165.0,0.48834574,155.0,147.0,0.512849,229.0,151.0,0.6290583,207.0,131.0,0.49017495,280.0,125.0,0.5671052,266.0,108.0,0.6525631
guy2_cobra078_flipped.jpg,61.0,185.0,0.5286704,62.0,184.0,0.54974353,59.0,180.0,0.40373617,73.0,176.0,0.4516894,66.0,165.0,0.58088136,102.0,180.0,0.5460834,85.0,147.0,0.842544,153.0,198.0,0.64098144,118.0,141.0,0.3914471,121.0,230.0,0.79253954,108.0,159.0,0.22366443,171.0,164.0,0.7268981,161.0,148.0,0.76276743,232.0,146.0,0.6820475,208.0,129.0,0.70520294,283.0,120.0,0.66041934,265.0,108.0,0.78461623
guy2_cobra084_flipped.jpg,45.0,168.0,0.51400757,50.0,164.0,0.45090044,43.0,162.0,0.48953673,72.0,155.0,0.7239483,57.0,151.0,0.2773257,114.0,166.0,0.46779954,77.0,135.0,0.45955092,156.0,183.0,0.614226,75.0,153.0,0.10872643,125.0,222.0,0.5481655,66.0,172.0,0.22262688,171.0,143.0,0.550421,154.0,129.0,0.6196985,233.0,124.0,0.57205653,211.0,109.0,0.52095854,279.0,98.0,0.6263871,262.0,85.0,0.5927286
guy2_cobra088_flipped.jpg,35.0,148.0,0.63710797,42.0,143.0,0.58769417,35.0,140.0,0.70111734,70.0,136.0,0.7176448,52.0,132.0,0.38899326,112.0,147.0,0.6098448,68.0,124.0,0.5169637,158.0,168.0,0.7739342,63.0,143.0,0.11293958,127.0,213.0,0.65563166,66.0,169.0,0.57742894,174.0,129.0,0.52945846,151.0,117.0,0.68213624,230.0,112.0,0.62826467,204.0,97.0,0.54780054,276.0,83.0,0.6117746,256.0,68.0,0.62433964
guy2_cobra089_flipped.jpg,35.0,145.0,0.51515007,42.0,139.0,0.58931255,36.0,137.0,0.5025928,69.0,132.0,0.79575866,54.0,128.0,0.62544286,110.0,143.0,0.7278274,68.0,121.0,0.6976827,158.0,167.0,0.8145882,61.0,142.0,0.13804546,127.0,211.0,0.85290956,67.0,169.0,0.7121868,171.0,131.0,0.519324,149.0,117.0,0.670911,230.0,107.0,0.7895196,201.0,95.0,0.51425403,274.0,80.0,0.66413224,254.0,66.0,0.8583556
guy2_cobra090.jpg,263.0,140.0,0.41213116,264.0,133.0,0.4053109,259.0,135.0,0.4207497,245.0,126.0,0.13109502,229.0,130.0,0.4394833,226.0,124.0,0.60744786,184.0,143.0,0.5282544,225.0,139.0,0.13945985,142.0,164.0,0.64039075,229.0,169.0,0.49641776,171.0,211.0,0.6096205,142.0,117.0,0.57450336,124.0,128.0,0.4738703,91.0,86.0,0.74091125,66.0,103.0,0.4843272,45.0,64.0,0.5984807,23.0,77.0,0.6287998
guy2_cobra090_flipped.jpg,34.0,141.0,0.6616391,42.0,135.0,0.38461876,34.0,133.0,0.61022717,70.0,129.0,0.8015293,52.0,125.0,0.2575943,111.0,143.0,0.49982733,68.0,124.0,0.52816474,158.0,163.0,0.6481674,69.0,142.0,0.21002957,128.0,211.0,0.591028,66.0,166.0,0.5293061,173.0,126.0,0.43383726,151.0,114.0,0.5045055,232.0,103.0,0.5798569,209.0,88.0,0.5559031,271.0,78.0,0.56229424,255.0,65.0,0.67960894
guy2_cobra091.jpg,265.0,136.0,0.4824461,265.0,129.0,0.45748773,260.0,131.0,0.49307823,246.0,123.0,0.18504466,230.0,129.0,0.54286695,228.0,124.0,0.48477206,185.0,141.0,0.50797486,226.0,141.0,0.15008205,141.0,163.0,0.552481,230.0,169.0,0.510429,171.0,210.0,0.44411412,143.0,117.0,0.57077837,124.0,127.0,0.49020362,91.0,86.0,0.7355654,65.0,103.0,0.5232062,46.0,63.0,0.5987252,24.0,75.0,0.60705554
guy2_cobra091_flipped.jpg,34.0,138.0,0.6156217,41.0,132.0,0.4655058,34.0,130.0,0.6193782,70.0,126.0,0.72895,52.0,124.0,0.24221474,114.0,143.0,0.48131597,68.0,125.0,0.5970428,160.0,162.0,0.6362275,72.0,141.0,0.2746425,129.0,210.0,0.56438106,67.0,165.0,0.5749896,176.0,125.0,0.47180983,152.0,112.0,0.5071223,233.0,101.0,0.530303,207.0,87.0,0.5353658,270.0,76.0,0.5700516,254.0,64.0,0.6882858
guy2_cobra092.jpg,266.0,132.0,0.5281347,265.0,125.0,0.4279713,260.0,127.0,0.5226425,245.0,120.0,0.18745449,230.0,127.0,0.36455527,228.0,123.0,0.520715,183.0,138.0,0.4826362,223.0,143.0,0.20558171,139.0,162.0,0.6601125,230.0,168.0,0.4958604,170.0,210.0,0.4224671,144.0,117.0,0.55382526,122.0,127.0,0.59032875,92.0,86.0,0.79391456,65.0,102.0,0.5255406,46.0,62.0,0.5467442,27.0,74.0,0.61565435
guy2_cobra092_flipped.jpg,35.0,136.0,0.664764,42.0,130.0,0.44770405,34.0,128.0,0.65894413,70.0,123.0,0.7952398,53.0,121.0,0.21768533,115.0,139.0,0.5205394,68.0,122.0,0.47686738,161.0,161.0,0.68721396,73.0,140.0,0.3329888,131.0,209.0,0.6464386,68.0,166.0,0.6442842,176.0,123.0,0.4096025,154.0,111.0,0.48736256,233.0,100.0,0.4790781,208.0,85.0,0.45043394,270.0,75.0,0.54948485,254.0,63.0,0.6885742
guy2_cobra094.jpg,263.0,131.0,0.60586816,264.0,122.0,0.55310214,256.0,125.0,0.6691766,247.0,117.0,0.16590129,228.0,123.0,0.4087079,230.0,119.0,0.5212048,181.0,134.0,0.306638,224.0,142.0,0.30531204,136.0,158.0,0.5014341,231.0,170.0,0.48225188,166.0,209.0,0.5968908,145.0,114.0,0.4451425,122.0,125.0,0.49168992,92.0,85.0,0.71595275,67.0,98.0,0.39122188,50.0,61.0,0.49254158,28.0,72.0,0.591769
guy2_cobra094_flipped.jpg,35.0,131.0,0.7116232,42.0,125.0,0.49399805,35.0,123.0,0.6241097,70.0,118.0,0.7519656,53.0,117.0,0.19255827,119.0,137.0,0.37121478,69.0,120.0,0.6007135,165.0,160.0,0.5021666,73.0,137.0,0.39573318,133.0,209.0,0.6316787,67.0,166.0,0.5386973,178.0,121.0,0.36090046,155.0,109.0,0.44424322,233.0,96.0,0.5243986,209.0,82.0,0.3426425,269.0,74.0,0.51870453,251.0,62.0,0.613727
guy2_cobra096.jpg,262.0,127.0,0.52960265,263.0,119.0,0.63145614,256.0,122.0,0.561437,246.0,113.0,0.14103922,225.0,119.0,0.38872668,229.0,114.0,0.55446315,175.0,130.0,0.3779481,221.0,141.0,0.46209973,131.0,156.0,0.59304583,230.0,170.0,0.57916045,161.0,210.0,0.5706626,146.0,114.0,0.42246023,121.0,124.0,0.3287055,94.0,86.0,0.5274559,69.0,99.0,0.32140598,52.0,61.0,0.44671193,31.0,73.0,0.6689962
guy2_cobra096_flipped.jpg,37.0,128.0,0.5469955,44.0,121.0,0.592523,36.0,119.0,0.52319956,73.0,114.0,0.65077496,50.0,113.0,0.1417791,122.0,133.0,0.27233043,70.0,117.0,0.42511454,168.0,159.0,0.477323,75.0,136.0,0.3231172,137.0,209.0,0.6896449,67.0,169.0,0.5613751,181.0,121.0,0.46215436,156.0,109.0,0.44896105,233.0,95.0,0.49230906,209.0,82.0,0.43829152,269.0,74.0,0.66781914,250.0,61.0,0.50812113
guy2_cobra098.jpg,257.0,127.0,0.6025954,259.0,118.0,0.53370667,251.0,120.0,0.7318975,244.0,110.0,0.12831444,220.0,115.0,0.4578534,227.0,115.0,0.6354245,170.0,128.0,0.44831595,218.0,144.0,0.46929032,127.0,156.0,0.67298585,230.0,173.0,0.49588636,157.0,211.0,0.7627413,144.0,116.0,0.53598726,117.0,125.0,0.2442119,92.0,85.0,0.7019887,65.0,98.0,0.333918,53.0,61.0,0.5112197,29.0,73.0,0.6338415
guy2_cobra098_flipped.jpg,41.0,127.0,0.5526827,49.0,119.0,0.76189744,40.0,117.0,0.6062598,78.0,112.0,0.6351088,56.0,110.0,0.20948727,127.0,129.0,0.39960164,74.0,114.0,0.46592048,173.0,157.0,0.72778666,78.0,137.0,0.39401683,142.0,210.0,0.7489084,69.0,170.0,0.6792731,184.0,122.0,0.46207556,160.0,110.0,0.42502126,235.0,95.0,0.5262198,210.0,82.0,0.4818798,269.0,74.0,0.6815468,247.0,62.0,0.4982129
guy2_cobra102_flipped.jpg,52.0,124.0,0.6416137,62.0,115.0,0.690616,49.0,113.0,0.53334343,92.0,107.0,0.69419515,59.0,106.0,0.1675658,141.0,124.0,0.40099442,78.0,114.0,0.46266025,184.0,157.0,0.71280086,87.0,138.0,0.519665,154.0,213.0,0.68908453,75.0,174.0,0.63552994,190.0,123.0,0.36837494,161.0,112.0,0.3968325,240.0,96.0,0.19954966,210.0,86.0,0.41882843,268.0,76.0,0.579127,244.0,66.0,0.45258138
guy2_cobra105_flipped.jpg,61.0,122.0,0.5851408,70.0,114.0,0.54796964,57.0,111.0,0.64176613,101.0,106.0,0.7718151,64.0,106.0,0.13035937,149.0,124.0,0.311274,84.0,118.0,0.29780945,193.0,156.0,0.72325635,94.0,142.0,0.47230437,165.0,216.0,0.7175422,79.0,180.0,0.8324023,191.0,131.0,0.35616046,162.0,118.0,0.34964386,239.0,101.0,0.2617641,211.0,90.0,0.3944537,267.0,81.0,0.7259885,242.0,71.0,0.4716355
guy2_cobra110.jpg,223.0,128.0,0.72330964,229.0,117.0,0.3907414,213.0,117.0,0.58704704,226.0,109.0,0.101414435,180.0,111.0,0.5561713,211.0,127.0,0.38594756,133.0,126.0,0.41566846,198.0,152.0,0.3813944,92.0,154.0,0.67695785,211.0,188.0,0.6981065,116.0,217.0,0.7887675,128.0,128.0,0.4749212,99.0,137.0,0.3418088,89.0,100.0,0.3010846,64.0,114.0,0.4071888,59.0,79.0,0.42461678,34.0,84.0,0.72262347
guy2_cobra114.jpg,212.0,135.0,0.60964453,219.0,123.0,0.45025074,201.0,125.0,0.50669193,217.0,114.0,0.11037929,168.0,116.0,0.5074911,204.0,129.0,0.43882793,124.0,129.0,0.3122303,192.0,151.0,0.20025146,80.0,150.0,0.5308249,203.0,189.0,0.72736,101.0,214.0,0.71324,124.0,138.0,0.5074625,94.0,139.0,0.29195452,93.0,107.0,0.33092675,63.0,117.0,0.44915122,67.0,86.0,0.2480932,35.0,90.0,0.7552603
guy2_cobra114_flipped.jpg,87.0,134.0,0.68508667,98.0,123.0,0.52469546,81.0,122.0,0.678419,129.0,113.0,0.7103876,84.0,114.0,0.15291055,172.0,126.0,0.23224606,95.0,127.0,0.13048497,217.0,152.0,0.52308977,109.0,148.0,0.30804557,198.0,215.0,0.35161152,96.0,189.0,0.70113784,208.0,144.0,0.31632736,165.0,142.0,0.23711273,239.0,116.0,0.47414973,212.0,107.0,0.43064764,265.0,89.0,0.70478266,237.0,84.0,0.40077165
guy2_cobra115.jpg,209.0,136.0,0.6485353,216.0,124.0,0.6268295,197.0,126.0,0.5838485,217.0,114.0,0.1161786,165.0,117.0,0.55077255,202.0,131.0,0.40009883,121.0,130.0,0.3792642,193.0,151.0,0.17460816,79.0,149.0,0.67435956,201.0,188.0,0.59983766,99.0,213.0,0.62862104,124.0,142.0,0.45947826,90.0,143.0,0.27994308,97.0,110.0,0.33845115,64.0,120.0,0.5204622,65.0,86.0,0.35652453,35.0,90.0,0.49287468
guy2_cobra115_flipped.jpg,91.0,135.0,0.62862325,101.0,125.0,0.68795806,84.0,124.0,0.5706854,133.0,114.0,0.74188644,85.0,117.0,0.21805708,177.0,126.0,0.1686555,95.0,127.0,0.14472069,221.0,151.0,0.5022728,110.0,148.0,0.2691543,201.0,213.0,0.4698187,97.0,189.0,0.5878875,211.0,145.0,0.33006412,165.0,142.0,0.24801457,239.0,116.0,0.54857445,210.0,109.0,0.458092,262.0,90.0,0.5995813,235.0,86.0,0.4758894
guy2_cobra119.jpg,199.0,142.0,0.68739104,206.0,131.0,0.53957504,187.0,132.0,0.6116747,208.0,121.0,0.1498619,157.0,123.0,0.39879802,196.0,137.0,0.36691466,117.0,134.0,0.33621117,185.0,147.0,0.2555437,73.0,145.0,0.61739665,197.0,188.0,0.53562194,90.0,207.0,0.7285568,123.0,138.0,0.39081207,95.0,139.0,0.26161113,98.0,113.0,0.31286067,63.0,118.0,0.45997685,69.0,88.0,0.25663725,42.0,92.0,0.36441478
guy2_cobra119_flipped.jpg,99.0,142.0,0.5180932,110.0,130.0,0.56683296,92.0,130.0,0.51725805,141.0,119.0,0.6231642,91.0,124.0,0.27380309,181.0,128.0,0.26923716,97.0,130.0,0.1716514,227.0,142.0,0.49077207,118.0,140.0,0.31338298,211.0,206.0,0.64546835,103.0,187.0,0.3832651,211.0,148.0,0.16847982,168.0,150.0,0.20931794,238.0,119.0,0.5143692,205.0,112.0,0.3261131,256.0,93.0,0.6726383,224.0,91.0,0.3556975
guy2_cobra122.jpg,194.0,146.0,0.68554616,203.0,134.0,0.6934571,183.0,135.0,0.5339041,205.0,122.0,0.17331086,152.0,124.0,0.52731335,195.0,138.0,0.37800023,114.0,131.0,0.37407112,186.0,150.0,0.25007585,71.0,138.0,0.3976071,194.0,185.0,0.6949334,85.0,202.0,0.5823753,129.0,149.0,0.35869408,100.0,148.0,0.27253637,101.0,113.0,0.3445072,68.0,120.0,0.45681995,80.0,90.0,0.16968963,47.0,91.0,0.35529596
guy2_cobra122_flipped.jpg,106.0,146.0,0.5147147,116.0,133.0,0.5389639,98.0,134.0,0.37007296,145.0,122.0,0.36792177,95.0,126.0,0.2292907,181.0,130.0,0.23155804,98.0,129.0,0.18773106,229.0,134.0,0.5086355,117.0,150.0,0.19266626,213.0,201.0,0.437669,104.0,185.0,0.486911,204.0,150.0,0.13720727,164.0,147.0,0.21753666,235.0,121.0,0.5286112,204.0,109.0,0.39226618,251.0,91.0,0.53296226,223.0,88.0,0.5523608
guy2_cobra123.jpg,193.0,147.0,0.6093637,201.0,135.0,0.48672667,182.0,136.0,0.5103699,202.0,122.0,0.20401075,151.0,125.0,0.49224713,194.0,134.0,0.40014192,118.0,134.0,0.26898405,186.0,148.0,0.22027236,71.0,137.0,0.2737752,194.0,184.0,0.70816445,82.0,200.0,0.52071184,128.0,143.0,0.29283607,100.0,144.0,0.21111885,102.0,112.0,0.41668397,70.0,119.0,0.45081696,82.0,89.0,0.25533304,52.0,89.0,0.33892402
guy2_cobra123_flipped.jpg,107.0,146.0,0.527285,117.0,135.0,0.42909563,99.0,135.0,0.41929471,146.0,122.0,0.48550045,96.0,127.0,0.2510693,184.0,131.0,0.14750865,98.0,129.0,0.18723398,229.0,132.0,0.53824127,116.0,137.0,0.25910184,214.0,199.0,0.3340692,104.0,184.0,0.46969438,199.0,142.0,0.19617967,163.0,138.0,0.21858688,232.0,122.0,0.6381743,204.0,107.0,0.5028436,248.0,91.0,0.48105463,223.0,89.0,0.63596106
guy2_cobra124.jpg,190.0,148.0,0.60137844,199.0,137.0,0.49909282,181.0,137.0,0.65597546,200.0,124.0,0.1769465,150.0,125.0,0.43741664,190.0,134.0,0.30834255,114.0,132.0,0.39263132,186.0,149.0,0.20091905,73.0,137.0,0.36960468,195.0,184.0,0.67221963,83.0,199.0,0.700795,127.0,137.0,0.25757,97.0,135.0,0.16142096,102.0,108.0,0.41504845,72.0,119.0,0.4696335,83.0,91.0,0.269647,54.0,91.0,0.37459704
guy2_cobra124_flipped.jpg,108.0,148.0,0.394934,118.0,135.0,0.5155083,100.0,136.0,0.5206095,147.0,123.0,0.57820636,97.0,128.0,0.3100724,185.0,131.0,0.16867396,99.0,127.0,0.21078566,229.0,131.0,0.55515337,116.0,137.0,0.26301858,216.0,197.0,0.26517174,104.0,183.0,0.36382312,207.0,141.0,0.115472294,166.0,137.0,0.14792238,231.0,122.0,0.70115745,203.0,107.0,0.4499539,246.0,92.0,0.47160634,222.0,89.0,0.622929
guy2_cobra125.jpg,188.0,149.0,0.48640734,197.0,139.0,0.63139176,179.0,138.0,0.620191,198.0,127.0,0.13521102,149.0,126.0,0.33614722,190.0,134.0,0.32018343,118.0,130.0,0.30060613,186.0,148.0,0.16461729,73.0,136.0,0.37027892,194.0,183.0,0.76705176,83.0,197.0,0.6299213,128.0,143.0,0.3021769,100.0,139.0,0.16730501,104.0,109.0,0.34902272,75.0,118.0,0.4252677,90.0,94.0,0.20278133,59.0,93.0,0.3324866
guy2_cobra125_flipped.jpg,110.0,149.0,0.36648652,120.0,137.0,0.4887899,102.0,137.0,0.5004985,149.0,125.0,0.60266244,98.0,128.0,0.2153699,186.0,130.0,0.2141149,99.0,127.0,0.15129395,228.0,131.0,0.5518098,116.0,149.0,0.10232453,216.0,194.0,0.427327,104.0,182.0,0.3982977,207.0,140.0,0.11759559,167.0,137.0,0.17384073,230.0,122.0,0.6052279,202.0,107.0,0.42991787,243.0,92.0,0.5273452,221.0,91.0,0.577904
guy2_cobra131.jpg,183.0,160.0,0.5740106,192.0,149.0,0.57312167,173.0,150.0,0.43917114,197.0,135.0,0.270192,146.0,136.0,0.290491,191.0,138.0,0.29909936,115.0,138.0,0.2821656,194.0,143.0,0.16942208,80.0,128.0,0.6498153,198.0,180.0,0.71048534,85.0,188.0,0.51370287,125.0,114.0,0.29622063,105.0,126.0,0.1135454,117.0,111.0,0.34064683,90.0,115.0,0.26945972,105.0,99.0,0.1745924,82.0,100.0,0.383307
guy2_cobra131_flipped.jpg,117.0,162.0,0.30432674,127.0,150.0,0.42131093,108.0,151.0,0.51354647,153.0,134.0,0.46422914,105.0,140.0,0.18777142,190.0,133.0,0.13014244,107.0,136.0,0.25845137,220.0,129.0,0.37031502,105.0,140.0,0.23969477,215.0,187.0,0.7703454,100.0,179.0,0.6394132,191.0,135.0,0.39676145,159.0,126.0,0.2427999,216.0,124.0,0.48811904,186.0,110.0,0.28484485,221.0,97.0,0.6936312,201.0,98.0,0.19090249
guy2_cobra133.jpg,181.0,166.0,0.54140306,190.0,154.0,0.5201491,171.0,154.0,0.35186413,197.0,139.0,0.3088099,146.0,141.0,0.33173046,194.0,139.0,0.3152749,117.0,136.0,0.25295708,196.0,142.0,0.121694826,83.0,125.0,0.6568817,201.0,180.0,0.58098197,88.0,186.0,0.6469691,131.0,115.0,0.509006,108.0,124.0,0.20161663,122.0,110.0,0.35722762,93.0,115.0,0.3793095,107.0,100.0,0.20219752,86.0,99.0,0.47138518
guy2_cobra133_flipped.jpg,118.0,167.0,0.48142338,128.0,154.0,0.6810532,109.0,154.0,0.59939414,153.0,138.0,0.33538377,103.0,139.0,0.34800842,188.0,129.0,0.14279999,102.0,132.0,0.39365157,217.0,125.0,0.7302363,105.0,132.0,0.23694082,213.0,183.0,0.7242551,99.0,177.0,0.6544032,190.0,131.0,0.47561893,157.0,123.0,0.5955112,213.0,120.0,0.6670458,180.0,108.0,0.5733033,216.0,97.0,0.7334204,190.0,100.0,0.5533383
guy2_cobra137.jpg,181.0,170.0,0.53489137,192.0,157.0,0.48541704,170.0,159.0,0.6389427,198.0,141.0,0.41076833,146.0,144.0,0.38923195,194.0,137.0,0.3113507,117.0,140.0,0.26818335,200.0,132.0,0.2556827,93.0,124.0,0.64347285,206.0,177.0,0.6925394,93.0,180.0,0.58966994,142.0,121.0,0.39701495,114.0,132.0,0.22313866,135.0,115.0,0.13959654,99.0,121.0,0.299503,124.0,107.0,0.26700062,99.0,105.0,0.3962373
